LIMIT_BAL,SEX,EDUCATION,MARRIAGE,AGE,PAY_0,PAY_2,PAY_3,PAY_4,PAY_5,BILL_AMT1,BILL_AMT2,BILL_AMT3,BILL_AMT4,BILL_AMT5,PAY_AMT1,PAY_AMT2,PAY_AMT3,PAY_AMT4,PAY_AMT5,default.payment.next.month
1.00E+05,2,1,2,36,1,-1,-1,-2,-2,0,780,0,0,0,780,0,0,7600,0,0
120000,2,2,2,25,3,3,2,2,2,87057,84821,85194,76326,75122,0,2700,2500,3200,2500,1
150000,2,1,1,49,-1,-1,-2,-1,-1,850,0,0,31106,0,0,0,31106,0,1505,1
1.00E+05,2,3,1,24,1,2,0,0,0,56341,54869,67965,73871,79707,0,14130,7065,7065,7065,1
30000,1,2,2,24,2,0,0,0,2,25851,26912,27535,29175,28625,1779,1402,2042,0,2192,1
160000,2,2,2,45,-2,-2,-2,-2,-2,2057,2147,1945,1934,2045,2147,1945,1934,2056,1938,0
120000,2,3,1,48,-2,-2,-2,-2,-2,2468,7869,506,2097,758,7890,506,2097,758,2005,0
160000,2,1,2,40,-1,0,0,-2,-2,67925,69771,73233,72328,74234,3509,5824,0,2204,2000,0
340000,2,1,1,35,1,-1,-1,-1,-2,-8,1722,1684,-15,-15,1730,1692,0,0,3031,1
240000,1,3,1,55,0,0,0,0,0,25631,27047,26654,28065,29503,2500,2000,2000,2000,3000,0
30000,2,3,1,42,1,2,0,0,0,30607,29849,30653,28410,29068,10,2000,2000,2000,2000,0
50000,1,2,1,54,0,0,0,2,0,47872,48802,50214,19321,19867,2000,2456,0,1000,1000,0
2.00E+05,1,2,2,25,1,-2,-2,-1,0,0,0,0,1517,48669,0,0,1517,48000,1775,1
80000,2,2,2,44,0,0,0,-1,-1,17047,11885,8254,5144,15365,1435,1350,5144,15365,2250,0
50000,2,2,2,41,2,2,2,2,2,5025,4805,46295,46885,47535,0,42000,1600,1500,2000,1
130000,2,2,1,29,0,0,0,0,0,18157,16520,15709,13209,14166,2000,1010,1003,2040,2000,0
290000,1,1,1,57,1,-2,-2,-2,-2,0,0,0,0,0,0,0,0,0,0,1
30000,2,3,1,44,0,0,0,0,0,27631,29179,30146,26371,27567,2000,1500,933,2000,3000,1
340000,1,3,1,40,0,0,0,0,0,77181,59873,60396,63720,65211,5305,3000,5000,3000,5000,0
180000,2,1,2,28,-1,-1,-1,-1,0,651,1883,651,2688,1000,1883,651,2688,20,2253,0
60000,2,1,2,23,0,0,2,0,0,59423,63347,61183,29052,29087,5500,146,1500,1200,1500,0
390000,2,1,2,25,-1,0,0,0,0,83514,79730,64171,58767,54224,4013,4000,2100,2000,3000,0
460000,1,1,1,35,0,0,0,0,0,384919,393029,394483,338220,347753,15045,16017,13000,15000,15025,0
5.00E+05,1,1,1,51,0,0,0,0,0,396402,395484,333041,294173,300616,14034,15040,12018,15028,10038,0
30000,2,2,1,44,-1,2,2,2,2,8347,9560,9258,11096,11165,1500,0,2000,392,0,0
80000,2,2,2,25,1,2,2,2,2,28789,31026,31401,31986,32468,2998,1183,1400,1139,0,0
250000,2,2,1,41,-1,-1,-1,-1,-2,37137,51803,4997,0,0,51811,9544,0,0,0,0
280000,2,1,2,26,0,0,0,0,0,146130,120750,105492,104061,105202,5042,4000,4000,4000,4368,0
30000,2,2,2,26,2,2,2,2,2,25615,29849,31034,28071,29978,5000,2000,0,2500,0,1
30000,1,1,2,28,2,0,0,0,0,22329,23665,47968,24784,25784,2000,1400,2000,1000,1000,1
20000,1,2,2,27,1,3,2,2,2,19443,18851,19248,18648,20040,0,1000,0,2000,0,1
380000,2,3,1,56,-2,-2,-2,-2,-2,0,1349,5947,16735,6444,1349,5957,16735,6444,0,1
1.00E+05,2,3,1,29,4,3,2,0,0,175441,153992,132132,114431,116766,0,0,0,2335,102075,1
180000,1,2,2,32,-1,-1,-1,-1,-1,1071,1671,1981,4241,4542,1671,1981,4241,4542,5261,1
80000,2,1,2,25,0,0,0,0,0,3409,4489,5345,5454,5598,1144,1000,109,144,0,0
220000,1,1,2,31,0,0,0,0,0,163148,158197,158956,157953,157098,5725,5971,5846,5887,5802,0
170000,2,2,2,26,0,0,0,0,0,141476,143850,134502,122186,122506,5113,4514,4376,4432,4142,0
140000,2,1,2,29,2,2,2,2,2,97905,100152,100772,101562,103214,4700,3200,3500,3193,0,1
20000,1,1,2,29,2,2,3,2,2,10512,12044,11562,11080,11700,2000,0,0,800,1000,1
1.00E+05,2,3,1,38,0,0,0,0,0,62427,63922,65864,66578,69503,2500,3000,2400,4000,4000,0
50000,2,3,1,47,0,0,0,0,0,32516,32774,33597,29105,26154,1870,1693,1106,1473,3000,0
3.00E+05,2,2,2,30,-1,-1,-1,-1,2,2186,0,290,707,161,0,290,1209,0,7705,0
30000,2,3,2,25,0,0,0,0,2,26769,27138,28122,29139,28534,1500,1447,3000,0,2300,0
50000,1,3,1,53,0,0,0,0,0,49696,50893,50532,19632,18573,2000,2000,1000,763,626,0
160000,1,2,2,37,-1,-1,0,0,0,3090,52125,26325,29638,35474,52165,5000,7000,8000,5000,0
80000,1,2,2,27,0,0,0,0,2,45920,47186,46882,49170,48269,5013,5000,4000,0,2002,0
140000,2,2,1,28,0,0,0,0,0,132070,134766,106450,106422,104337,6000,4000,4000,4000,4300,0
20000,1,2,2,23,1,2,0,0,0,19403,18541,19254,19456,19323,0,1298,1000,692,766,1
50000,1,3,1,51,-1,-1,-1,-1,-1,17453,7802,22214,4985,6551,8338,22232,4985,6551,5000,0
2.00E+05,2,1,2,34,1,-2,-2,-1,2,0,0,0,347,197,0,0,347,0,2720,1
80000,2,2,1,23,-2,-2,-2,-2,-2,780,0,390,390,390,0,390,390,390,540,1
80000,2,2,2,27,1,2,2,0,0,81635,83465,81472,82332,84067,3716,0,2989,3105,2973,0
210000,2,1,2,39,-1,-1,-1,-1,-2,6000,0,2880,0,0,0,2880,0,0,0,0
260000,1,2,1,28,0,0,0,-1,-1,26303,9408,5082,7732,1379,5030,2025,7770,1385,0,0
2.00E+05,1,2,1,46,1,-1,-1,-1,-1,0,552,2523,2327,2308,552,2531,2327,2308,0,1
110000,2,2,1,33,2,2,2,2,2,110327,112130,108533,112475,108976,5332,0,7800,0,4428,1
10000,1,2,2,23,0,0,0,0,2,5857,6722,8305,9405,9100,1117,1700,1230,0,761,0
2.00E+05,1,1,2,30,0,0,2,0,0,91936,94698,77034,64886,71957,7500,0,1500,10000,2000,0
3.00E+05,1,1,2,31,-1,-1,-1,-1,-1,360,360,360,360,980,360,360,360,980,360,1
360000,2,1,1,39,-1,-1,-1,-1,-2,7001,1224,394,-6,-6,1224,394,6,0,2205,0
290000,2,2,1,32,0,0,0,0,0,78200,79726,80890,81615,75661,3700,3600,3000,3000,3000,0
30000,1,3,1,26,1,2,0,0,0,30814,29551,24034,21155,18413,0,1500,1150,900,0,1
3.00E+05,1,1,1,47,-2,-2,-2,-2,-1,0,225,4019,4509,7155,225,4019,3860,5000,5778,0
3.00E+05,2,1,2,28,-1,-1,-1,-1,-1,986,2939,27754,10534,1954,2964,27968,10597,1954,2140,0
210000,2,3,2,45,-2,-2,-1,-1,-2,316,312,2368,316,316,312,2376,316,316,316,0
50000,1,3,1,36,0,0,0,0,0,74969,76012,77330,70579,63751,2846,2671,2396,2177,2146,1
340000,2,1,2,26,0,0,0,0,0,337871,311076,156674,129651,126192,11208,5000,23809,4136,3600,0
330000,1,1,1,34,0,0,0,0,0,138009,141253,130567,128257,116988,7015,7000,10007,6500,6600,1
220000,2,1,2,28,0,0,0,0,0,44109,32978,30415,28038,25669,5000,13500,14000,13500,13500,0
1.00E+05,2,2,2,30,0,0,0,0,-2,23939,23572,24148,0,0,1500,1011,0,0,0,0
260000,1,1,2,30,-1,-1,-1,-1,-1,399,399,399,399,399,399,399,399,399,399,1
180000,1,2,2,30,-1,-1,-1,-1,-1,440,30404,0,880,150,30404,0,880,150,430,0
2.00E+05,1,2,1,44,-1,-1,2,0,0,780,390,1170,780,0,390,780,0,0,390,0
110000,2,3,2,41,0,0,0,0,0,90599,60949,62235,63499,64877,2213,2300,2300,2400,2431,1
20000,1,2,2,48,0,0,0,2,0,7186,9063,10909,10440,10803,2000,2000,0,680,1000,1
60000,1,1,2,25,0,0,0,0,0,13123,14403,16150,17870,19571,1500,2000,2000,2000,2000,0
30000,1,3,1,28,2,2,2,2,2,23848,23873,24182,26022,27462,700,1000,2550,2013,1108,1
30000,2,1,2,24,2,2,2,0,0,31202,32801,30092,30148,30222,2415,0,1045,915,1063,1
420000,2,1,1,37,-1,-1,-1,-1,-1,38386,316,9894,13811,12141,316,9894,13811,12141,11820,1
340000,1,1,1,34,-1,-1,-1,-1,2,332,332,332,142202,139245,332,332,142402,6,20032,1
270000,1,2,1,38,1,-2,-2,-2,-2,0,0,0,0,0,0,0,0,0,0,0
360000,2,4,2,36,-2,-2,-1,0,0,15019,1221,6909,5954,4160,2074,7039,10,1,4,0
230000,2,1,2,25,-1,-1,-1,-1,-1,736,645,855,0,590,645,855,0,590,0,0
50000,2,2,1,33,0,0,0,0,0,47327,48765,49149,44073,40260,2200,1518,1414,1432,1300,0
230000,2,1,2,28,-2,-2,-2,-2,-2,-5,2148,2932,354,200,2153,2932,354,200,0,0
2.00E+05,2,1,1,38,-2,-2,-2,-2,-2,-3,687,2740,2044,1614,690,2753,2054,1622,2076,0
1.00E+05,2,2,2,24,0,0,0,0,0,101887,102069,100657,101565,101116,4902,4507,3936,3982,4135,0
150000,2,2,1,47,0,0,0,0,0,153404,144960,148146,142279,139905,6900,7200,5450,5265,5443,0
50000,1,3,2,28,0,0,0,0,0,46709,12889,50199,74405,38772,1690,38000,1500,4000,2000,0
60000,1,2,2,29,0,0,0,0,0,34081,23215,30340,28368,28962,2000,8565,969,1004,1000,0
70000,2,2,2,30,0,0,0,2,0,10149,11454,9638,8761,8572,2000,2000,0,1000,1000,0
20000,1,2,2,23,-1,0,-1,0,0,5044,3700,13181,12596,11699,1011,13181,5,1033,1781,0
50000,2,2,2,25,0,0,0,0,0,24408,25169,13368,14142,14911,1300,1500,1000,1000,1000,0
5.00E+05,2,1,1,33,2,2,-1,-1,-2,1569,1379,1800,0,0,0,1800,0,0,4012,0
390000,1,3,1,49,1,-2,-2,-2,-2,0,0,0,0,0,0,0,0,0,5112,0
90000,2,1,2,27,-2,-2,-2,-2,-2,0,0,0,0,0,0,0,0,0,0,0
10000,1,2,2,22,0,0,0,-1,-1,5748,3203,2162,2150,-440,1189,1025,3028,0,1000,0
30000,1,2,2,24,-1,-1,-1,0,0,390,390,780,780,0,390,780,0,0,0,1
240000,1,3,1,35,1,-2,-2,-1,-1,-2,-2,-2,968,-2,0,0,970,0,0,1
180000,2,1,2,29,-1,0,0,0,0,36567,26613,26941,27705,21955,1682,1400,1554,0,0,0
70000,2,2,2,23,0,0,0,0,0,22658,31647,24487,25125,26651,9397,1487,1039,2073,1045,0
50000,1,2,2,26,-1,-1,-1,-1,-1,1530,750,1140,1530,750,750,1140,1530,750,1140,0
20000,1,3,1,46,0,0,0,0,0,11325,12654,13659,13635,13922,1519,1524,500,507,1000,0
260000,2,2,1,36,0,0,0,0,0,200593,206178,208601,213025,214931,8500,7000,7508,7500,7595,1
160000,1,2,1,26,-2,-2,-2,-2,-2,0,0,0,0,0,0,0,0,0,0,1
250000,2,1,1,42,0,0,-2,-2,-2,25298,0,0,0,0,0,0,0,0,0,0
20000,1,1,1,49,-1,-1,-1,-1,-2,1044,0,5596,0,0,0,5596,0,0,0,0
210000,1,3,1,37,-1,-1,-1,-1,-1,2359,1519,1939,1939,1939,1519,1939,1939,1939,1520,0
1.00E+05,2,1,1,35,2,0,0,2,2,47253,49489,53034,53568,54563,3000,5000,2000,2000,2500,1
1.00E+05,1,1,2,28,0,0,0,0,0,72970,100360,91329,76840,77455,30000,4094,2900,2850,3300,0
230000,2,2,1,34,-2,-2,-2,-2,-2,2329,1894,2528,1865,1496,1894,2532,1865,1496,1873,0
20000,1,2,2,25,0,0,0,0,0,13896,12906,13983,10983,5400,2000,2500,2000,0,0,1
40000,1,1,2,24,0,0,0,0,0,30096,30819,13816,10291,7441,1300,2013,319,415,266,1
1.00E+05,1,3,1,51,-1,-1,-1,0,0,54530,37295,96251,36221,36424,55000,100044,2000,2000,2000,0
20000,1,3,2,26,0,0,0,0,0,16514,17547,18541,19250,19805,1306,1300,1000,1000,1258,0
140000,1,2,2,32,0,0,0,0,0,31367,29652,30178,20989,17125,1614,10018,2009,1003,1017,0
50000,1,3,2,23,2,2,2,0,0,44470,51192,48506,18524,19239,7800,173,1000,1000,1000,0
30000,2,2,2,26,0,0,-1,0,0,17341,-1030,29718,27417,28489,485,31509,1500,1502,1500,0
80000,1,2,2,28,0,0,0,-2,-2,15268,5135,0,0,0,1315,0,0,0,0,0
20000,2,3,1,31,0,0,0,0,0,15654,16425,17265,16647,12213,1330,1170,500,420,397,1
210000,2,1,2,26,0,0,0,0,-1,9899,6000,4100,0,10790,1008,1000,0,10790,7373,0
220000,2,1,0,33,-1,-1,-1,-1,-1,3378,1531,942,608,1738,1531,942,608,1738,277,0
150000,2,1,1,30,0,0,0,0,0,40046,47317,48849,35920,37433,7995,5849,1196,2000,1000,0
2.00E+05,1,1,2,28,-1,-1,-1,-1,-1,508,10680,1190,527,4524,10712,1194,527,4537,5538,0
2.00E+05,2,1,2,28,2,2,2,2,0,68398,73564,73548,44234,42599,6900,1966,12,1604,5164,1
50000,1,2,2,39,0,0,0,0,0,26813,22999,17485,10588,8368,1708,1454,289,1508,1042,0
80000,2,1,2,28,0,0,0,0,2,9782,11620,14415,16177,16582,2001,3000,2000,800,0,0
310000,2,1,2,32,-2,-2,-2,-2,-2,20138,8267,65993,8543,1695,8267,66008,8543,1695,750,1
210000,1,1,2,29,0,0,0,0,2,140619,144410,148555,156733,153230,7000,9000,11550,0,5389,0
140000,1,1,1,40,2,0,0,2,2,136785,137175,140773,133147,140350,5051,12602,0,12000,0,1
20000,2,2,1,32,0,0,0,0,0,15498,16409,17291,17588,18034,1600,1600,1000,1000,1500,0
10000,2,1,2,23,1,-2,-2,-2,-2,0,0,0,0,0,0,0,0,0,0,0
250000,2,1,2,30,0,-1,2,0,0,5607,9416,3421,11521,20424,10000,0,10000,10000,17771,0
280000,1,1,2,31,1,-1,-1,0,0,0,3495,2783,2001,-339,3495,2783,0,0,0,0
210000,1,2,1,48,-1,-1,-1,0,-1,8666,8666,17307,8666,8666,8666,17307,173,8666,17303,0
10000,1,2,2,54,0,0,2,2,0,5186,8225,8244,7963,8134,3300,300,0,299,2000,0
60000,2,3,1,59,0,0,0,0,-1,59174,60922,61800,0,51301,3298,3000,0,51301,2029,0
180000,2,1,2,38,0,0,-2,-2,-2,184650,0,0,0,0,0,0,0,0,0,0
10000,2,1,2,31,1,-2,-2,-2,-2,0,0,0,0,0,0,0,0,0,0,0
2.00E+05,2,1,1,41,-2,-1,2,0,-1,0,5932,5674,1484,4680,5932,0,0,4680,0,0
120000,2,1,2,29,-1,-1,-1,-2,-1,1171,644,-155,-155,745,1000,0,0,2530,542,0
160000,2,2,1,28,0,0,0,0,0,54232,55456,56625,57757,59424,2100,2100,2500,3000,2200,0
180000,1,1,1,48,0,0,0,0,0,167140,160707,162477,166861,171083,8000,6000,7000,7000,7000,0
60000,2,3,1,42,0,0,0,0,0,58186,58364,59108,38827,39670,2382,2373,1324,1402,1460,0
80000,1,2,1,27,0,0,0,0,0,73000,71338,47202,38133,39096,5000,2000,1500,1500,2000,0
2.00E+05,1,1,2,27,-1,0,-1,-1,-1,9747,17230,198,875,1977,10051,198,877,1982,2058,0
20000,2,3,2,22,1,2,0,0,2,18590,17838,18680,19788,22265,0,1307,1580,3100,0,1
360000,2,2,2,31,0,0,-2,-2,-2,17582,0,0,0,0,0,0,0,0,0,0
140000,2,1,2,43,1,2,0,0,0,147560,142435,142096,136836,139417,3,5000,5000,5100,10200,0
110000,2,3,1,46,0,0,2,2,0,94025,101460,102724,100188,102110,8942,3800,0,3685,6580,1
360000,2,1,1,33,1,-2,-2,-1,0,-200,-200,0,13467,17800,0,200,13467,5300,0,0
30000,2,1,2,22,-1,-1,-1,0,0,3963,6222,2936,588,0,6222,2936,0,0,0,0
1.00E+05,1,2,2,25,0,0,0,0,-2,76222,79564,49000,-1000,0,4700,1500,0,31000,0,0
60000,1,3,2,34,0,0,0,0,0,35187,36236,37220,37963,38875,1616,1600,1336,1500,1448,1
130000,2,1,2,32,1,-2,-1,-1,-2,0,0,3726,0,0,0,3726,0,0,1300,0
240000,2,2,2,34,-1,-1,-1,-1,-1,5516,4950,5232,6464,3820,4950,5232,6464,3820,10000,0
210000,2,2,1,35,2,2,2,0,0,61189,62721,61115,62334,66196,3100,0,2235,4870,0,1
360000,1,1,2,25,-1,-1,-1,0,0,586,14074,5672,5084,3317,14076,5672,0,0,1646,0
30000,2,2,2,22,1,2,2,0,0,22167,22474,18180,15900,0,1000,150,0,0,0,0
480000,1,1,1,49,1,-1,-1,-1,-1,-220,38929,339176,33146,37337,39149,344261,33312,37511,31383,0
90000,2,6,2,49,-1,-1,-2,-2,-2,1722,0,0,0,0,0,0,0,0,0,0
50000,2,1,1,42,0,0,0,0,0,4908,7479,11902,13871,19466,3000,5000,5000,7000,3000,0
20000,1,3,2,41,0,0,0,0,0,9186,9459,10102,10452,10907,1200,1200,500,1000,600,0
160000,2,2,2,27,-2,-2,-1,-1,-1,490,-85,5215,4115,3921,3085,5300,1000,22200,2000,0
90000,2,2,2,24,0,0,0,0,0,14520,14747,4753,5152,4664,1240,1220,1000,500,800,0
3.00E+05,2,5,1,34,-2,-2,-2,-2,-2,9474,0,0,0,0,0,0,0,0,0,0
5.00E+05,1,1,1,43,-1,-1,-1,-1,-1,640,600,1490,1822,1740,600,1490,1822,1740,0,0
130000,2,3,2,36,1,-2,-2,-2,-2,0,0,0,0,0,0,0,0,0,0,1
250000,1,3,1,62,0,0,0,0,0,38924,38468,35930,40106,38214,5000,5000,5000,3000,2000,0
10000,1,3,2,25,2,0,0,0,0,4693,5371,6327,6055,0,1300,1600,400,0,0,1
340000,1,1,2,30,0,0,-1,-1,-1,1933,2855,872,981,22936,1000,872,981,22936,5000,0
60000,1,3,2,24,-1,0,0,0,0,15527,16882,18190,27465,27643,2000,2000,10000,991,1010,0
50000,1,2,1,47,0,0,0,0,0,48308,48019,48647,26894,10875,2200,2068,3048,418,12004,0
170000,1,2,2,34,-1,-1,2,0,-1,7885,7190,6854,3142,5000,2336,0,0,5000,0,0
490000,1,3,1,51,-1,-1,-1,-1,-1,389,376,467,78,399,377,481,1,711,1,1
20000,2,2,1,26,0,0,0,0,2,17679,16720,17705,19228,18804,1300,1277,1800,0,1000,1
550000,1,2,1,47,0,0,0,0,0,68328,76797,55200,30000,0,10000,20000,5000,0,0,0
340000,2,2,2,39,0,0,0,0,0,66623,61474,57160,58794,61231,2500,2500,2500,3300,2200,0
10000,1,2,2,32,0,0,0,0,0,9576,9028,9644,9790,9990,1384,1000,196,200,0,0
230000,2,2,2,25,-2,-2,-2,-2,-2,0,0,13499,9078,11009,0,13499,9117,11009,6172,0
30000,1,2,1,39,1,2,0,0,0,29388,27850,28525,29091,28923,0,1452,1018,1038,1100,0
2.00E+05,2,2,2,42,-1,-1,0,0,-2,73032,12928,88930,30000,67861,12928,79365,30000,37861,18929,0
450000,2,1,1,37,0,0,-1,-1,-1,13371,13480,5747,3339,9458,4000,5747,3339,18916,7231,0
380000,1,3,1,44,0,0,0,0,0,329877,309781,295550,277650,264217,12055,9837,9154,9042,8515,1
50000,2,2,1,31,2,0,0,0,0,29767,30206,27905,17174,17533,1615,1670,605,626,654,1
80000,2,1,2,27,0,0,0,0,0,23107,24674,25351,25981,26464,5034,10000,1000,1000,1000,0
150000,2,2,1,42,1,-2,-2,-1,-1,0,0,0,11068,0,0,0,11068,0,189,1
50000,2,2,2,44,0,0,0,0,-1,49006,49139,47608,3990,390,2000,1000,3600,390,0,0
210000,2,1,2,39,1,-2,-2,-2,-2,0,0,0,0,0,0,0,0,0,0,0
1.00E+05,2,2,2,24,0,0,0,0,0,59712,61743,63714,65056,73062,3000,3000,2400,9100,0,0
1.00E+05,1,2,2,38,0,0,0,0,0,25994,27173,44285,45433,3952,1994,19462,3000,302,3723,0
5.00E+05,1,1,1,45,0,0,0,0,0,3136,2345,8471,7234,5828,2002,7505,145,33,1150,0
30000,2,3,1,58,0,0,0,0,0,9819,10873,9646,9995,10371,1230,1100,419,600,500,0
50000,1,2,2,46,0,-1,0,0,0,53541,29308,20274,19945,20472,31483,1408,3000,1000,869,0
50000,2,2,2,23,-2,-2,-2,-2,-2,0,0,0,0,0,0,0,0,0,0,0
420000,2,2,1,36,-1,-1,-1,-1,-1,3663,4338,3400,2535,3216,4338,3400,2535,3216,2652,0
30000,2,2,1,32,2,2,0,0,0,28156,27422,28335,20946,15525,0,1542,1024,1000,7422,1
240000,1,1,2,32,0,0,0,0,0,240790,224497,213580,191771,166239,6892,7866,5602,6118,6023,0
80000,2,3,1,55,0,0,0,0,0,69116,64325,59653,55159,56277,2500,2000,2000,2000,2000,0
330000,1,1,2,45,0,0,0,0,0,265362,246735,248541,231534,230309,7500,8001,7000,7000,8000,1
50000,1,2,1,30,1,2,2,0,0,49371,50092,49029,25313,26006,1800,240,1000,1100,1800,1
2.00E+05,2,1,1,42,-2,-2,-2,-2,-2,0,0,0,0,0,0,0,0,0,0,1
210000,2,1,1,34,1,-2,-1,-1,2,-300,-716,416,1132,566,0,1548,1132,0,416,0
130000,1,2,2,31,1,2,2,2,0,70722,69040,70912,63626,59200,0,4130,43,2000,1368,0
390000,1,1,2,28,-1,0,0,0,0,10439,25143,35165,44543,45631,15007,10529,10000,1773,2000,0
1.00E+05,1,3,1,40,0,0,-1,-1,-2,12878,7702,2377,0,0,2000,2377,40000,0,0,0
140000,2,1,1,33,0,0,0,0,0,85314,87042,90165,91318,94847,4000,5000,2000,4000,5000,0
80000,2,3,1,35,2,2,2,2,2,70002,71389,73788,74463,72834,3100,4204,2790,0,3043,1
50000,2,3,1,42,1,3,4,3,2,44498,46740,45718,44696,43848,3240,0,0,0,1600,1
50000,1,2,2,25,0,0,0,0,0,21316,23038,24720,26370,29332,2375,2375,2375,3547,0,0
360000,1,1,1,39,1,-2,-2,-2,-1,0,0,0,0,691,0,0,0,691,7020,0
170000,2,2,1,49,1,2,0,0,0,153322,149027,150920,145689,33588,0,6320,5045,1000,0,1
50000,1,2,2,41,0,0,0,0,0,48152,45974,44792,18649,16260,2043,3000,14000,545,5000,0
310000,2,1,2,25,2,0,0,0,0,266270,273719,235796,188031,170898,11677,8406,6000,5074,3000,1
210000,1,1,2,31,-1,-1,-1,-1,-1,326,326,326,326,326,326,326,326,326,326,1
140000,1,2,1,37,0,0,0,0,0,90186,74504,72358,48081,45543,2805,2877,1360,1400,1026,0
150000,2,1,2,37,0,0,0,0,0,127111,106956,106129,106531,107062,3878,3794,3783,3892,4662,0
170000,1,1,1,40,-1,-1,-1,-1,-1,2000,2210,3000,2000,5000,2210,3000,2000,5000,0,1
260000,2,1,2,25,-1,2,-1,0,0,148,75,12117,9620,8690,7,12117,2,0,3054,1
170000,2,1,2,26,0,0,0,0,2,99387,102141,103972,108405,102303,5250,5100,7500,0,3900,0
310000,2,1,2,35,1,-2,-1,0,0,0,0,4488,4696,84522,0,4488,264,80000,2950,0
50000,2,3,2,23,0,0,0,0,0,34364,34212,33886,32929,34549,1861,2004,1324,3768,1,0
260000,2,1,1,35,2,2,-2,-1,0,1013,0,0,6895,3718,0,0,6895,0,0,1
1.00E+05,1,1,2,27,0,0,2,2,2,36014,39321,39145,39494,39896,4200,900,1400,900,6440,1
40000,2,2,1,25,0,0,0,0,2,40633,40311,39380,41389,40628,4300,2000,2938,0,3700,0
180000,2,1,1,46,1,2,2,2,2,82505,86302,84020,97554,95878,6000,0,15000,0,18000,0
50000,1,3,1,41,2,2,2,0,0,26184,29261,28444,28878,27655,3500,0,1100,1100,2000,0
2.00E+05,1,1,2,29,-1,-1,-1,0,-1,4810,0,726,726,495,0,726,0,495,1562,1
320000,2,2,1,53,0,0,0,0,0,33589,34608,38544,44486,52319,3000,6000,8000,10000,1900,0
220000,2,1,2,45,-1,-1,-1,-1,-1,4624,2874,1210,632,15243,2888,1216,640,15251,5472,0
180000,1,2,1,46,0,0,0,0,0,60005,41223,49108,50016,45956,3000,10000,3000,5000,15000,0
50000,2,2,2,36,0,0,0,0,0,94228,47635,42361,19574,20295,2000,1500,1000,1800,0,1
50000,2,2,2,22,0,0,0,0,0,29637,30805,30336,13378,-1022,1826,1200,268,0,31448,0
150000,2,1,2,32,0,0,0,0,0,83275,84220,77956,77682,52300,3006,3000,2000,222,11170,0
120000,2,1,1,38,-1,-1,2,-1,-1,6856,17329,2047,8568,8814,19600,0,14150,9000,17000,0
30000,1,2,2,34,0,0,0,0,0,29302,30052,29349,29476,30014,1530,1416,1142,1102,1106,0
10000,1,5,1,43,-1,0,0,0,-2,17560,9829,3604,0,0,2537,1000,0,0,0,1
380000,1,1,2,34,-2,-2,-2,-2,-2,34869,6305,5736,900,16915,6336,5766,904,16915,940,0
320000,2,1,1,38,1,-2,-2,-2,-2,0,0,0,0,0,0,0,0,0,0,1
30000,2,2,2,41,0,-1,-1,0,-1,1448,1261,630,240,690,1261,630,0,840,0,0
470000,1,2,2,29,0,0,0,0,0,72830,49502,47771,52979,119678,4003,4003,8003,70003,5030,0
80000,2,3,1,40,0,0,0,0,0,75768,78069,79196,25722,26261,3500,2934,897,929,935,0
20000,1,2,1,60,-1,-1,2,0,0,8570,10651,9944,10142,9591,2620,0,500,380,1000,0
120000,1,1,1,51,0,0,2,0,0,125702,130461,131281,128594,117561,8300,4500,4260,4595,4311,0
150000,2,1,2,37,1,-2,-1,0,0,0,0,584,596,596,0,584,12,0,0,0
2.00E+05,2,2,2,43,0,0,0,0,0,180680,184436,188181,190775,196449,8155,8302,7225,10153,6987,0
20000,1,2,2,40,0,0,0,0,0,45429,47961,49562,4410,0,2819,2420,88,0,0,0
170000,2,3,1,36,0,0,0,0,0,85780,80568,79823,79335,79506,2906,3002,3000,3000,3500,0
150000,2,1,2,34,-1,-1,-2,-1,0,900,0,0,740,740,0,0,740,0,545,0
160000,1,2,2,30,-1,-1,-1,-1,-1,632,0,632,316,0,0,632,316,0,316,0
280000,2,1,2,32,-1,-1,-1,-1,-1,45536,11509,2110,2121,6789,11509,5000,2121,6789,14959,0
60000,1,1,1,42,2,0,0,0,0,39986,41036,42449,43243,48537,2000,2100,1800,6000,0,1
1.00E+05,1,3,1,44,0,0,0,0,0,39649,43608,46899,47447,48035,5000,5000,1554,1595,1686,0
360000,1,2,2,48,0,0,0,0,0,68032,63174,44536,80570,8333,4500,3000,50000,8400,8325,0
5.00E+05,2,1,1,44,-2,-1,0,0,0,71921,367979,294969,189612,128459,368199,6486,234,90,167116,0
290000,2,1,2,30,0,0,0,0,0,284239,284692,230891,232778,235004,11000,10000,8000,10000,8000,1
160000,2,1,2,31,-2,-2,-2,-1,-1,0,0,0,150,150,0,0,150,150,150,0
50000,1,2,1,47,0,0,0,0,0,22923,23264,23879,23960,24067,1400,1400,850,871,974,0
250000,2,2,1,35,0,0,0,0,0,27107,36565,39711,47523,52726,10000,10000,10000,6000,6000,0
350000,1,1,1,42,-1,-1,-1,-1,-1,3800,3138,4150,3750,1362,3138,4160,3750,2272,8210,0
1.00E+05,2,2,1,22,0,0,0,0,0,99415,101507,99511,99813,95816,4600,3478,3461,3461,3684,0
30000,1,2,2,33,1,2,0,0,0,31956,30425,30615,29304,28996,0,1753,1200,1041,1194,0
450000,2,1,1,36,1,-1,-1,-2,-2,0,2500,2500,0,0,2500,2500,0,0,0,0
20000,2,3,2,40,-1,-1,0,0,0,9755,894,5625,9625,12625,894,5000,4000,3000,0,0
30000,2,3,2,26,0,0,0,0,0,28063,29304,28047,26840,28271,1700,1407,1200,2000,2000,0
150000,2,3,2,47,0,0,0,2,0,103226,64671,64293,58024,59230,2627,4123,0,1304,1338,0
30000,1,2,1,36,1,3,2,0,0,22327,21696,21054,21315,21623,0,0,908,800,1000,0
10000,1,3,2,23,0,0,0,0,0,6001,4308,3421,3615,4402,2000,1500,400,1000,1000,0
50000,2,3,2,47,0,0,0,0,2,17569,18592,19621,21748,21262,1613,1642,2769,0,923,0
50000,2,1,2,22,0,-1,-1,-1,-1,4124,1070,0,1217,3766,1070,0,1217,3766,381,0
130000,2,2,2,23,2,2,2,0,0,6271,6871,7599,9459,10303,1500,1000,2000,1000,1000,0
50000,2,3,2,22,0,0,0,0,0,47066,45132,47756,28275,28082,2300,3862,2000,1100,1500,0
180000,2,2,2,25,0,0,0,0,0,177633,139415,136942,114632,117808,5203,30023,10024,10000,4458,0
30000,1,2,1,47,2,2,2,0,0,24081,29818,28966,26902,25426,6155,0,1030,1049,5000,1
60000,2,2,2,24,0,0,0,0,0,29717,28208,21372,18746,16745,2076,1500,1500,689,2000,0
2.00E+05,1,1,2,26,0,0,0,0,0,16811,21290,20207,23858,33236,5023,4007,5001,10020,5073,0
30000,2,3,2,23,0,0,-1,-1,-1,18292,18450,390,390,780,1000,390,390,780,0,0
320000,2,2,2,36,0,0,0,0,0,262613,164486,169691,188527,145676,10043,15005,21640,5004,11628,0
360000,2,1,1,37,-1,2,2,-2,-2,1605,1448,0,0,0,14,0,0,0,0,0
60000,2,1,1,39,0,0,2,0,0,56045,59524,58563,56831,53628,5000,2000,1000,3000,8000,0
50000,2,2,2,28,-2,-2,-1,0,0,13733,5570,2698,4640,6554,2037,2698,2000,2000,2000,0
30000,1,2,2,35,2,2,2,2,2,27143,28211,28654,27897,29587,1800,1200,0,2300,1200,0
50000,2,2,1,31,1,2,0,0,0,34644,33669,19124,18117,18496,0,1597,649,671,691,0
70000,2,1,2,24,0,0,0,0,0,42105,35575,32772,29766,29286,1614,2042,2002,1052,1055,0
310000,1,1,2,44,1,-1,-1,-2,-2,-42,7281,0,0,0,7323,0,0,0,0,0
170000,2,2,2,39,-1,-1,-1,-1,-1,2860,15643,1104,190,4786,15643,1108,191,4786,2714,0
150000,1,1,1,49,-2,-2,-2,-2,-2,111348,109115,102598,3039,-309,6000,4044,309,0,0,0
120000,2,1,2,30,-1,-1,-1,-1,-1,3333,0,3333,0,984,0,3333,0,984,984,0
1.00E+05,2,1,2,33,0,0,0,0,0,75374,44796,47294,38712,39304,2000,5000,1521,1595,2000,0
140000,1,1,2,41,2,2,2,0,0,138379,143684,139902,142729,142406,9000,0,6800,40000,5600,1
180000,2,3,1,47,-1,0,0,0,0,14525,13828,10394,17562,8495,1347,5000,10026,5000,785,0
20000,2,3,1,51,0,0,-1,0,0,19684,11580,780,780,0,1000,780,0,0,0,0
80000,2,2,2,25,1,-2,-2,-2,-2,0,0,0,0,0,0,0,0,0,0,0
2.00E+05,2,2,1,39,0,0,0,0,0,178665,133266,95836,85635,66137,3677,2441,1854,1567,5000,0
2.00E+05,1,2,2,27,0,0,2,0,0,25334,26203,25652,25162,24995,2204,1004,1004,1013,2018,0
30000,1,3,1,42,0,0,2,-1,-1,14617,20350,18456,4190,13702,6000,28,5000,13702,0,0
250000,2,2,2,40,-2,-2,-2,-2,-2,0,1069,-320,-320,1680,1069,320,0,2000,4058,0
50000,1,3,2,30,1,2,3,2,2,31217,33423,32600,31777,33966,3000,0,0,2700,1500,0
250000,1,1,2,31,-2,-2,-2,-2,-2,-23,3102,4438,3416,-4,3125,4455,3417,0,1408,1
140000,2,1,2,25,0,0,0,0,0,23409,24725,26006,26771,28179,2000,2000,1500,2000,2200,0
170000,2,2,2,31,2,-1,-1,0,0,520,1316,6779,3416,2941,1339,6779,2000,97,1002,0
240000,2,2,2,47,-2,-2,-2,-2,-2,316,21359,2762,10264,316,21359,2762,10318,316,17677,0
140000,2,1,1,37,0,0,0,0,0,135134,139178,139900,109665,108129,6703,6120,4015,4042,4057,0
50000,2,2,1,28,0,0,0,0,0,50998,51103,50262,20304,20319,2209,1726,710,724,733,0
240000,2,2,1,47,1,2,2,2,2,124425,131943,133457,134749,132651,10839,5000,4800,0,10000,1
420000,2,2,1,57,-1,-1,-1,-1,-1,666,2629,4352,1440,1486,2629,4360,2064,1486,2290,0
220000,1,1,1,53,-1,-1,-1,-1,-1,1136,642,1582,1109,3319,642,1582,1109,3319,2113,0
70000,2,2,1,28,0,0,0,0,0,44230,44348,28978,17008,13780,1747,1272,1212,1000,1020,0
90000,1,2,2,28,0,0,0,0,0,55779,51886,52495,47727,44404,2100,2166,1400,1534,1300,0
220000,2,1,1,40,-2,-2,-2,-2,-2,0,0,0,0,0,0,0,0,0,0,0
2.00E+05,2,1,2,27,0,0,0,0,0,9314,6020,4817,2098,2280,2020,2817,1098,1280,3778,0
240000,1,3,1,55,0,0,0,0,0,229254,232693,189095,190481,194215,8737,7506,6501,6501,7001,0
310000,2,3,2,28,0,0,-1,-1,-1,19610,14746,28216,4245,3500,10000,28216,4245,3500,396,0
80000,2,2,1,34,2,2,2,0,0,76142,80627,76776,61884,55501,6611,1,3000,2504,2000,1
290000,2,2,1,38,0,0,0,0,0,144160,147451,150617,153351,156213,6000,6010,5600,5700,5700,0
260000,1,2,1,43,0,0,0,0,0,175247,164173,152724,153527,153375,8500,5950,4000,3000,6000,1
120000,1,1,1,43,1,-2,-2,-2,-2,0,0,0,0,0,0,0,0,0,0,1
260000,2,1,1,32,-1,-1,2,-1,-1,598,2268,2268,1732,718,2268,0,1732,718,165,0
360000,2,2,2,39,-1,2,2,-2,-2,655,655,0,0,0,0,0,0,0,0,0
30000,2,3,1,36,0,0,0,0,0,7963,9152,10282,10180,10394,1321,1451,349,362,343,1
30000,2,2,2,22,0,0,0,2,0,27444,29000,29886,28392,22612,2000,1800,0,1000,1000,1
20000,1,1,2,22,0,0,0,0,0,3281,4325,5341,5751,6500,1100,1100,500,1000,1000,0
240000,2,2,2,25,0,0,0,0,0,175764,178600,182639,186275,190337,6500,7000,6680,7070,6954,0
2.00E+05,1,2,1,31,7,6,5,4,3,254266,240966,228663,217600,208432,0,328,0,0,600,1
70000,1,2,2,38,0,0,2,0,0,27000,31809,29776,30148,29918,5600,0,1500,1057,2000,0
2.00E+05,2,1,2,23,-2,-2,-2,-2,-2,488,878,488,488,0,878,488,488,0,1915,0
150000,2,1,2,31,-1,-1,-1,0,0,18395,-2390,10042,129691,88173,312,20132,129665,127,315,0
160000,2,2,1,35,0,0,0,0,0,17742,12939,7035,4596,4635,2000,1000,500,1000,1000,0
180000,2,1,2,30,0,0,0,0,0,113647,52992,38394,30332,110824,3000,3170,2000,1.00E+05,5000,0
190000,1,2,1,39,0,0,0,0,0,144414,145572,142816,145463,147475,7000,6000,6000,5500,6000,0
20000,2,2,1,22,0,0,0,0,0,15749,16221,19836,14354,10962,1500,5000,500,500,246,0
150000,1,1,2,27,0,0,0,0,0,82494,83044,84752,84743,78987,3100,3500,3000,5000,3000,0
310000,1,2,1,35,0,0,0,0,0,7589,9463,12296,15083,17840,2000,3000,3000,3000,3000,0
180000,2,2,1,36,0,0,0,0,0,98736,96566,81166,72463,72189,6025,5000,6800,5000,5000,0
80000,2,2,2,24,0,0,0,0,0,81908,83597,157646,79061,79834,5501,3450,3000,3059,2915,1
350000,2,2,1,41,0,0,0,0,0,85339,84393,86793,84406,73976,5000,5016,5000,3000,3000,0
50000,2,2,1,47,0,0,0,0,-2,32547,33481,26775,0,0,1582,1800,0,0,0,0
90000,2,2,2,23,2,0,0,0,0,87669,86653,57819,30895,14543,3499,3000,3000,10000,2000,0
220000,1,2,1,35,0,0,-1,-1,-1,112460,29300,8500,0,8500,8500,8500,0,8500,8535,0
50000,2,1,2,25,2,3,2,2,2,43870,42891,43582,44561,45592,0,1700,2000,1900,1800,1
90000,1,3,1,46,-1,2,-1,-1,-1,1651,390,390,390,1848,0,390,1950,1848,1710,0
4.00E+05,2,2,1,30,0,0,-1,-1,-1,161226,139481,17939,10315,22728,5000,17939,12845,22728,11493,0
210000,2,3,1,40,-1,-1,0,0,0,2309,4791,4909,6588,9074,4791,1909,2588,3074,3651,0
180000,2,2,1,39,2,2,2,2,2,177113,180628,176137,183007,179505,7800,0,11700,0,3775,1
5.00E+05,1,1,1,55,-1,-1,-1,0,0,3925,11200,25509,9857,8945,11253,25585,3,18,5034,0
260000,2,2,1,39,2,0,0,2,0,228443,233958,252615,186443,190345,10698,24799,0,7035,7078,1
180000,2,2,2,26,0,0,0,0,0,7149,12946,16163,13142,9800,5946,3663,3159,3000,4857,0
180000,2,2,1,34,-1,-1,-2,-2,-1,8000,0,0,0,600,0,0,0,600,0,1
30000,2,1,2,24,0,0,0,0,0,22236,23574,24583,24915,25280,1696,1705,1037,915,929,0
360000,2,1,2,33,0,0,0,0,0,31482,31805,18203,13122,11547,5119,5007,5002,5005,5024,0
280000,2,1,1,47,-1,2,2,-1,0,2002,1311,0,430,430,0,0,430,0,550,0
1.00E+05,2,1,2,27,1,2,0,0,0,53213,50842,48205,47324,45723,6,2031,1800,2000,1900,1
50000,2,2,1,49,0,0,0,0,-1,49467,41877,20082,5329,3990,1472,1000,107,3990,2088,0
20000,1,3,1,31,0,0,0,0,0,17557,18739,19473,17136,0,1466,1200,343,0,0,0
80000,2,3,2,27,-2,-2,-2,-2,-2,1672,0,1672,836,0,0,1672,836,0,2902,1
110000,2,2,2,36,1,-1,-1,-2,-2,0,780,0,0,0,780,0,0,0,0,0
50000,1,1,3,25,1,-1,2,-1,0,6300,3395,3180,1831,1868,9195,0,1831,37,3300,1
50000,2,2,1,50,0,0,0,-1,-1,48119,48318,21750,4387,4392,1554,1028,4387,4392,9493,1
20000,1,1,2,33,0,0,0,2,0,16117,17130,18655,17687,18023,1285,2200,0,1000,1000,0
2.00E+05,2,3,1,41,0,0,0,0,-2,98184,103228,119034,0,0,5143,19034,0,0,0,0
250000,2,2,2,44,1,-1,-1,0,0,0,664,62791,48598,50078,664,65791,2000,2100,2000,0
150000,2,1,1,33,1,-2,-2,-2,-2,0,0,0,0,0,0,0,0,0,0,1
50000,1,1,2,23,1,-2,-2,-2,-2,0,0,0,0,0,0,0,0,0,0,1
2.00E+05,2,1,1,38,-1,-1,2,2,2,1779,1354,250,7250,2639,1354,0,7000,0,10500,0
220000,1,2,1,38,0,0,0,0,0,147048,137560,131090,121259,117003,6364,5892,5000,4369,4178,0
60000,2,2,1,36,-2,-2,-2,-2,-2,0,2426,3367,2898,11768,2426,3367,2898,11768,3983,0
1.00E+05,1,2,2,43,0,0,0,0,0,47730,47525,47184,46836,46529,1808,1728,1641,1673,1689,0
20000,1,3,3,46,0,0,0,0,0,15523,17264,18325,15680,0,2000,1500,500,0,0,0
140000,1,2,2,28,1,3,4,3,2,82265,86127,84107,82362,74000,5747,0,0,0,2600,1
50000,1,2,1,46,0,0,0,0,-2,48677,39756,30000,0,0,2000,3000,0,0,0,1
50000,1,1,2,28,0,0,0,0,0,28639,29482,30455,28955,25959,2100,2000,1000,600,3000,0
120000,2,2,1,30,-1,-1,-1,-1,0,686,686,686,1372,686,686,686,1372,0,836,0
120000,2,1,1,39,1,-2,-2,-2,-1,0,0,0,0,915,0,0,0,915,0,0
30000,1,2,2,38,0,0,0,0,0,28637,28711,29138,28852,28487,2002,2002,1503,2006,2005,0
180000,2,1,2,26,1,-2,-2,-2,-1,0,0,0,0,298,0,0,0,298,7550,0
5.00E+05,1,1,1,46,0,0,0,0,0,53049,66623,70194,68618,67300,16018,10000,4,333,1831,0
420000,1,1,1,44,0,0,0,0,0,337792,293987,294203,300314,258484,12011,6472,6711,5170,189740,0
20000,2,2,1,45,0,0,0,0,2,14296,15321,16333,17434,17013,1262,1274,1375,0,771,0
50000,2,2,2,24,0,0,0,0,0,39083,40150,41181,41996,43021,1700,1700,1501,1700,3400,1
260000,2,2,2,30,0,0,0,0,0,19674,17810,19753,21550,21032,2000,3000,3000,3000,3000,0
50000,1,2,2,27,0,0,0,0,-1,47481,36112,31992,33361,100,1910,1790,79,100,1200,0
50000,2,1,2,26,-1,-1,-1,-1,-1,750,0,3116,302,0,0,3116,302,0,5778,0
50000,2,2,2,49,0,0,0,0,0,43342,44441,45390,46310,47262,2100,2000,1113,1143,1159,0
1.00E+05,1,2,1,49,0,0,0,0,0,69896,71360,72820,74264,75821,2588,2644,2656,2752,2850,0
50000,2,1,2,24,4,3,2,2,2,38965,38063,38838,39598,40313,0,1700,1700,1500,1800,1
180000,2,1,2,27,0,0,0,0,0,174546,175121,150710,135981,136064,8269,6606,5000,4900,4900,0
240000,2,1,1,38,1,-2,-2,-2,-2,0,0,0,0,0,0,1.00E+05,0,0,0,0
30000,1,2,1,38,2,0,0,0,0,28484,29242,30037,29682,0,1905,1700,1108,0,0,0
30000,2,3,1,60,-1,3,2,0,0,5867,5621,4090,2829,2108,0,0,0,1801,0,1
270000,2,1,1,45,0,0,0,0,0,96175,88092,78574,70330,61355,3626,2700,3180,2300,2800,0
30000,2,3,1,57,-1,-1,-1,-1,-1,347,1353,78,135,68,1353,78,135,68,423,1
2.00E+05,2,2,1,31,-1,-1,-1,-1,-1,1319,4997,3635,130,1209,4997,3650,130,1209,938,1
40000,2,2,1,29,-1,0,0,-2,-2,8801,9544,0,0,0,1000,0,0,0,7922,1
360000,2,1,1,31,-2,-2,-2,-2,-2,0,18540,9007,9500,8675,18540,10000,10000,9000,6600,0
150000,2,3,1,57,-1,-1,-1,-1,-1,5483,9136,17348,6456,12256,9136,17348,6456,12256,8156,0
80000,2,2,2,24,0,0,0,0,0,9933,11111,9998,8950,9415,1370,1233,261,549,400,1
3.00E+05,2,1,1,32,1,-1,-1,-1,-1,-227,44791,-649,129798,558,45018,0,130447,560,524,0
220000,1,2,1,32,0,0,0,0,0,202010,103124,105226,107476,109746,3746,3820,4000,4000,4000,0
110000,2,2,1,42,-1,-1,-1,-1,-1,776,776,776,776,926,776,776,776,926,776,0
50000,1,1,2,30,0,0,0,0,0,11787,9720,8613,5173,5593,1300,1034,0,1200,0,0
50000,2,3,2,60,0,0,0,0,0,31164,32384,27553,28101,28690,1756,1445,993,1029,1054,0
230000,2,1,1,37,-1,-1,0,0,0,400,20123,20590,20029,17198,20123,1256,1000,1000,500,0
50000,1,1,1,27,2,2,2,2,0,43333,46308,47250,46192,46997,4000,2000,0,1700,2000,1
240000,2,2,3,39,0,0,0,0,0,171907,171394,68907,70164,70672,7200,3000,3000,2509,3000,0
130000,2,1,2,26,0,-1,-1,-1,-2,20054,1298,6712,-884,-6332,1298,6730,900,5448,0,0
160000,2,1,2,34,0,0,0,0,0,43729,43535,40799,41255,31766,2045,1809,1265,1154,1333,0
210000,2,1,2,31,0,0,0,0,0,121697,120133,118496,116033,114617,5000,5000,4036,5000,4000,0
210000,2,2,2,32,-1,0,0,0,-1,1952,2787,6316,6504,326,1526,4000,514,326,89599,0
330000,1,1,2,47,0,0,0,0,0,240063,242040,160008,160084,159453,9500,5591,5500,6000,6000,0
110000,2,2,1,51,0,0,0,2,2,10141,11472,12973,12468,13763,1500,2000,0,1500,600,0
120000,2,2,2,28,1,2,2,2,2,108993,111266,112056,112819,111298,5500,4100,4087,400,4000,0
1.00E+05,2,1,2,29,-1,-1,-1,-1,-1,5466,5652,9690,5286,8191,5652,9690,6916,8191,6412,0
210000,2,2,2,34,0,0,0,0,0,63672,57299,59336,61349,63366,2200,3000,3000,3000,3000,0
350000,2,1,2,31,0,0,0,0,0,181550,177978,164481,198545,232543,10000,20000,100048,60000,0,0
180000,2,2,2,25,0,0,0,0,0,141836,140792,144021,146539,149286,5124,6000,5300,5500,5500,0
150000,2,1,2,28,0,0,0,0,0,66296,61916,39614,39863,26379,3000,3005,5000,3000,5000,0
50000,1,1,3,37,1,2,0,0,0,49457,47080,45833,45310,6313,0,1200,1000,126,1000,0
230000,2,3,1,47,-1,-1,-1,-1,-1,5482,15900,1678,0,764,15900,1678,0,764,0,0
30000,2,2,1,39,2,2,0,0,0,9884,9586,10318,10522,11354,0,1200,375,1000,0,1
90000,2,2,1,24,2,2,2,2,2,86643,87249,86858,86373,85875,3881,3000,2800,1500,2299,1
390000,2,2,1,24,0,0,0,0,0,16406,16966,15428,13465,40736,1500,1500,1000,30000,2000,0
50000,2,2,2,25,2,2,2,2,2,15679,16228,17796,17213,18432,1100,2150,0,1500,1000,1
320000,1,2,1,39,0,0,0,-1,-1,51058,34619,18079,18077,1792,1240,1403,18084,1801,18352,0
20000,1,2,2,34,0,0,0,0,0,15907,17142,17844,18009,17356,1498,1200,365,347,344,0
2.00E+05,2,2,1,41,0,0,0,0,0,42292,43764,44030,48466,49183,3000,2000,5000,2000,3000,0
5.00E+05,1,1,1,40,-2,-2,-2,-2,-2,5255,721,17252,7388,6069,721,17252,7421,6069,0,1
190000,2,2,2,28,1,-2,-2,-2,-2,0,0,0,0,0,0,0,0,0,0,0
70000,2,1,2,25,2,0,0,0,0,5730,7625,9484,11317,13125,2000,2000,2000,2000,2000,1
220000,2,1,2,35,-1,-1,-1,-1,-1,8304,11526,1270,0,1121,11526,1282,0,1121,500,1
50000,1,2,2,28,0,0,0,0,2,28864,30090,31282,33350,32682,2000,2000,2900,0,1400,0
50000,1,2,1,37,0,0,0,0,0,15175,16505,17516,17926,18487,1579,1590,1000,1000,1000,0
50000,2,2,1,46,2,2,2,2,2,28390,29639,30854,30062,32705,2000,2000,0,3300,1500,0
70000,1,1,1,42,0,0,0,0,0,70730,58103,68197,50756,50843,3500,15000,3000,2000,1840,0
80000,2,1,2,26,0,0,0,0,0,66982,66130,67489,68535,66835,2986,3056,2787,2745,2564,0
50000,1,3,2,41,0,0,0,0,0,45487,45548,46076,19092,18227,1858,1685,659,658,656,0
150000,2,1,2,27,-1,-1,-2,-2,-2,1345,0,0,0,0,0,0,0,0,0,0
3.00E+05,2,1,1,36,-2,-1,-1,-2,-2,540,1283,843,0,444,1283,843,0,444,0,0
50000,2,1,2,25,0,0,0,0,0,10973,12092,13386,13663,14440,1300,1500,500,1000,1000,0
170000,2,2,1,42,0,0,0,0,-2,4600,6519,7360,2437,2881,2000,1000,2437,3103,2659,0
350000,1,1,2,37,-2,-2,-2,-2,-2,316,316,316,466,466,316,316,466,466,316,0
470000,2,2,2,33,0,0,0,0,0,43353,47682,46429,43405,42796,5000,2600,1500,1500,2000,0
20000,1,2,2,25,0,0,0,0,0,13610,14160,15200,14800,17800,1360,1400,0,3000,200,0
140000,2,2,2,26,1,-1,0,0,0,0,811,1633,1666,1700,811,1000,33,34,0,0
60000,2,2,2,23,1,2,2,0,0,45014,45698,39068,51205,54520,1774,0,12858,4166,2350,0
160000,2,2,2,23,0,0,2,2,0,122339,137278,136572,95115,96847,18518,3358,0,3200,8000,0
150000,2,1,2,26,0,0,0,0,0,101569,103688,107321,106614,108805,3756,5350,2562,2629,2669,0
20000,2,1,2,23,-1,-1,-1,-1,-1,292,780,0,593,0,780,0,593,0,0,0
210000,1,1,2,35,-1,-1,-1,0,-1,6808,4954,8739,5420,4450,4960,8747,8,4450,4064,0
50000,1,2,2,23,-1,-1,0,0,0,3352,18685,15868,11348,7822,18685,1105,500,500,500,0
210000,2,1,2,31,-1,-1,-1,0,0,15332,10000,19875,57751,25456,10000,19875,50000,15456,10625,0
280000,1,1,1,44,-2,-1,-1,-1,-1,593,1763,53669,4707,22014,1777,53934,4726,22102,12,0
3.00E+05,1,2,2,36,-1,0,0,-1,-1,15536,17923,27007,360,257,10000,10140,360,257,21346,0
230000,2,3,1,37,0,0,0,0,0,228342,189966,142377,143828,143698,6100,7000,5356,5400,5200,0
250000,1,2,1,47,-2,-2,-2,-2,-2,8996,18069,7966,3470,3128,18069,7966,3470,3128,2966,0
5.00E+05,2,1,1,36,-1,-1,-1,0,0,24170,8051,77908,50297,43679,8091,78192,65,33766,37945,0
50000,2,2,1,48,0,0,0,0,0,12592,12899,7313,8036,3949,2017,2000,1200,100,26984,0
50000,1,3,2,46,0,0,0,0,0,5942,5444,2464,2521,-1,1056,1000,57,0,168,0
150000,2,2,1,36,0,0,0,0,0,296846,301634,314201,84135,90500,7143,13700,15000,7500,0,0
180000,2,1,2,53,1,-2,-1,-1,-1,0,41300,41300,0,3270,41300,41300,0,3270,41300,0
450000,1,2,2,37,0,0,0,0,0,136655,146400,156049,164076,170885,13492,13641,12168,9650,9650,0
70000,2,2,3,24,1,2,0,0,0,4177,2657,2752,1048,462,0,1500,0,0,1123,0
110000,1,3,1,40,0,0,0,0,0,93357,94938,79368,74778,75996,4100,2612,2666,2700,2659,0
2.00E+05,1,1,1,43,1,2,0,0,0,203393,198272,120005,121023,128387,0,5812,4500,9352,4700,1
210000,2,2,2,37,1,-2,-2,-2,-2,0,0,0,0,0,0,0,0,0,0,0
320000,1,1,2,36,0,0,0,0,0,146201,129311,112151,84218,76058,5465,3137,52,2384,25094,0
20000,1,1,2,37,0,0,0,0,0,66599,67259,69521,16970,17326,2317,2579,606,628,649,1
130000,2,2,2,29,-1,-1,2,0,0,1110,1170,780,390,0,1170,0,0,0,780,0
20000,1,1,1,29,0,0,0,-1,-1,16961,16365,9342,556,19967,2000,1139,556,20191,1742,0
210000,1,1,1,39,-1,-1,2,2,-1,3391,775,450,125,800,1000,0,0,1000,0,0
30000,2,2,2,33,0,0,0,0,0,25498,26149,26716,26918,27089,1451,1408,1000,964,1136,1
60000,2,3,1,36,1,2,2,0,0,47987,48716,47632,48738,49601,1788,0,1894,1801,3997,1
110000,1,2,1,49,0,0,0,0,0,75565,64833,48586,48430,48150,4009,5000,2000,2000,2000,0
130000,1,1,2,32,-1,-1,-1,-2,-2,32236,41510,-1523,-1523,-1523,10000,0,0,0,50000,0
5.00E+05,2,1,2,38,0,0,0,0,0,74615,74399,68761,70260,70143,4010,6720,5000,5000,4000,0
5.00E+05,1,2,1,38,0,0,0,-1,-1,499231,511629,-311,6391,420,22600,501,6892,421,7695,1
1.00E+05,1,2,2,35,-1,2,2,-1,-1,8102,10252,5607,59265,62554,2500,0,59265,4100,2500,1
220000,1,1,2,25,0,0,-1,0,-1,29664,5995,8419,6523,508,1018,8424,20,878,1,0
50000,1,2,2,40,0,0,0,0,0,40561,97214,48890,8694,8876,18280,2284,311,322,323,0
5.00E+05,1,1,1,49,-1,-1,-1,-1,-1,1320,1320,1320,1320,1320,1320,1320,1320,1320,1320,0
50000,2,1,2,29,-1,-1,-1,0,-1,2459,2471,6015,5625,3056,2471,6015,0,3056,2439,1
2.00E+05,2,1,1,45,-2,-2,-2,-2,-2,1417,12643,3977,0,2500,12660,3977,0,2500,199,0
320000,2,2,2,50,-1,0,-1,-1,-1,5714,7870,342,-6,1252,3000,342,2,1500,0,0
450000,1,2,2,29,1,2,0,0,0,16524,12624,11239,10569,3868,676,1204,264,19,5000,0
20000,1,3,2,26,8,7,6,5,4,43340,42619,35381,31539,27409,0,0,0,0,0,0
310000,2,2,1,44,-1,-1,-2,-2,-2,500,0,0,0,0,0,0,0,0,0,0
120000,2,2,2,23,0,0,0,0,0,100727,96551,69676,44879,43532,4324,3234,1448,1400,1400,1
2.00E+05,2,2,1,48,0,0,0,0,0,354304,303188,153179,156229,159708,8000,5600,5600,6000,6000,0
50000,1,3,1,53,0,0,0,0,0,49466,50544,25381,9652,9464,2442,1669,330,1342,330,0
130000,1,3,1,48,0,0,0,-2,-2,100522,102650,0,0,0,4650,0,0,0,6163,0
50000,2,2,2,23,0,0,0,0,0,25421,26704,26952,15673,13903,2000,1000,3400,1500,25298,0
130000,1,2,2,26,0,0,0,2,2,16435,17166,19478,19862,19403,1300,2600,1000,0,2000,1
50000,2,2,2,42,0,0,0,0,-1,50221,49664,49611,2190,19769,2215,1462,248,20787,21402,0
30000,1,2,2,32,2,0,0,0,0,17287,14493,17240,19934,22441,3000,3000,3000,3000,3000,0
30000,2,2,1,34,2,2,2,2,2,24014,25891,27385,27834,28241,2274,2217,1200,1000,500,1
160000,1,1,2,34,-1,-1,-1,-1,-1,390,390,390,520,540,390,390,520,560,390,1
50000,1,1,2,27,0,0,0,0,2,43341,44442,45408,48279,47406,1800,1729,3600,0,2055,0
80000,2,2,2,28,0,-1,-1,0,0,18112,8857,69841,59075,58998,10084,79200,2108,2200,3006,0
60000,2,2,2,25,0,0,0,0,0,50269,47809,42769,38855,38768,4749,1621,1400,1395,1500,0
230000,2,1,2,27,1,2,0,0,-1,46628,45253,10507,6742,4387,0,1000,135,4387,1670,0
390000,2,1,2,30,0,0,0,0,0,86124,89129,90294,92243,94186,4300,3437,3346,3475,5000,0
110000,2,2,1,28,0,0,0,0,0,3242,4095,4296,5043,5194,1300,1054,1000,1000,1000,0
50000,1,1,2,24,1,-2,-2,-2,-2,0,0,0,0,0,0,0,0,0,181,0
20000,2,2,1,35,1,2,2,-2,-2,22382,20650,-15000,-15000,-15000,0,0,0,0,0,1
1.00E+05,1,2,2,29,0,0,0,-2,-2,65324,11860,0,0,0,2106,0,0,0,0,0
70000,2,3,1,33,0,0,0,0,0,32405,22484,23169,23337,18265,10580,8009,10004,5000,5000,0
150000,1,2,1,31,2,2,0,0,0,156286,148841,134757,85874,84665,57,6203,2819,3109,2842,0
390000,1,1,2,31,0,0,0,0,0,19469,17227,17400,19180,20036,2227,2400,2180,1036,2071,0
50000,1,2,1,22,0,0,0,-1,-1,47559,50463,49094,1884,19792,3690,2500,942,19792,727,0
90000,1,2,2,26,2,2,-1,2,0,121368,102385,91591,66033,70654,0,95800,0,6000,3000,0
290000,2,2,2,30,0,0,0,-1,0,288994,296230,158127,234456,236813,12549,7003,234456,9500,7592,1
20000,1,2,2,24,0,0,2,0,0,19401,20610,19682,19593,20001,3232,0,815,858,832,0
90000,2,1,2,28,0,0,2,2,2,87916,87459,88183,91204,89687,5800,5400,5804,0,6700,1
260000,1,3,2,48,0,0,0,0,0,266762,268508,266858,194413,189687,11500,10000,5731,5654,5275,0
90000,2,2,2,26,0,0,0,0,0,92472,92518,91504,91706,91801,4600,4100,3900,4000,3700,0
1.00E+05,2,2,2,27,3,2,0,0,-1,104489,101123,101600,17046,1075,0,4384,341,1075,1442,1
150000,2,1,2,31,0,0,0,0,0,126419,128887,134208,139551,134321,7000,12440,10000,5000,5000,0
60000,2,2,1,46,0,0,0,0,0,60987,60832,50469,40564,40601,2145,1612,1404,1442,1445,0
80000,1,2,1,42,2,0,0,0,0,80586,77960,79804,75299,76933,3000,3200,3000,3400,3300,0
80000,2,2,1,24,-1,-1,-1,-1,-1,15621,3760,1368,0,1421,3768,1368,0,1421,0,0
30000,2,2,1,26,1,2,0,0,0,30349,29580,30121,12787,6840,0,1200,256,137,45,0
20000,1,2,1,38,-1,-1,-1,-1,-1,2638,3016,3274,7028,1839,3016,3282,7055,1839,2985,0
50000,1,2,2,24,0,0,-2,-2,-2,34500,0,0,0,0,0,0,0,0,0,0
250000,2,1,2,37,0,0,-1,-1,-1,43971,32009,13346,9163,8338,1007,13346,9163,8338,18618,0
50000,2,1,2,22,0,0,0,0,0,41940,41811,35920,19987,18971,1748,1253,2504,1004,1509,1
120000,2,3,2,32,0,0,-1,-1,-1,5152,4529,890,890,3040,1015,890,890,3040,0,0
20000,2,2,1,36,1,-2,-2,-2,-2,-25,-25,-25,-25,-25,0,0,0,0,0,0
280000,2,3,2,33,-1,-1,-1,-1,-1,2186,2186,2184,2542,2186,2196,2194,2554,2196,2119,0
50000,2,1,1,35,0,0,0,0,0,46532,46624,45438,39527,7997,3000,1200,9,500,462,0
360000,1,3,2,49,-2,-2,-2,-2,-2,348,7963,198840,390,390,8047,200222,1044,390,390,0
1.00E+05,1,1,2,32,-1,-1,-1,-1,2,671,671,671,1642,821,671,671,1642,0,671,1
140000,2,3,1,42,2,2,2,2,2,47556,48802,47722,50411,49473,2300,0,3800,0,2000,0
170000,2,2,1,33,0,0,0,0,0,172382,173101,171158,121399,118539,6558,6316,3828,3569,3959,0
50000,2,2,1,33,-1,0,0,0,0,25658,26539,27507,28299,12012,1700,2080,3000,1000,1000,0
50000,1,3,1,46,0,0,0,0,0,49083,27822,28702,29119,29240,1463,1733,1150,1480,1200,0
120000,1,2,1,47,-1,-1,-1,0,0,2486,151,2853,2896,1149,260,5753,1153,3,1759,1
170000,2,2,2,38,0,0,0,0,2,86401,88991,91571,94045,97965,3991,4071,4000,5600,5000,0
380000,1,2,1,43,-1,0,0,0,0,195221,188328,192624,149860,59256,8000,8263,7127,4000,3000,0
4.00E+05,2,3,1,37,0,0,0,0,0,76917,79075,81864,83747,85487,4000,4000,3000,3000,4000,0
50000,2,1,2,30,0,0,0,0,0,30145,26212,17354,18157,18952,5000,2000,1000,1000,1000,0
440000,2,2,1,42,1,-2,-2,-2,-2,22597,7288,5683,-20,-20,7324,5683,20,0,9901,0
30000,2,2,1,24,2,2,2,2,2,150,150,150,150,150,0,0,0,0,150,0
470000,1,1,1,39,-1,-1,-1,-1,-1,5572,3595,22816,2360,4206,3595,22816,2360,4356,5527,0
180000,2,3,1,40,-1,-1,-2,-1,-1,1903,0,0,3155,1173,0,0,3155,1173,1021,0
110000,1,3,2,32,0,-1,-1,-2,-2,34000,223,0,0,0,223,0,0,0,0,1
3.00E+05,1,1,2,25,0,0,0,0,0,76918,41773,31180,19507,18169,4103,1427,600,1200,2500,0
120000,2,1,2,31,-1,-1,-1,-1,-1,325,325,325,325,325,325,325,325,325,1866,0
220000,1,1,2,33,-2,-2,-2,-2,-1,3233,2106,666,1064,707,2108,1332,1064,707,9325,0
50000,1,1,2,27,0,0,0,0,-1,50459,36307,27713,3807,2746,1600,3071,500,2800,900,0
1.00E+05,1,2,1,43,1,-2,-2,-2,-1,0,0,0,0,551,0,0,0,551,0,0
170000,2,1,2,30,-2,-2,-2,-2,-2,3733,1958,5956,1836,3959,1958,5956,1842,3959,1285,0
360000,2,1,2,37,-1,-1,-1,-1,-1,3355,5865,3300,6290,8220,5865,3300,6290,8220,28410,0
180000,2,2,2,43,0,0,0,-2,-2,4819,5240,999,495,1776,1010,1003,496,1781,81032,0
120000,1,2,2,27,0,0,0,0,0,33474,29029,26523,20554,19348,1789,2037,659,802,640,0
210000,1,3,2,32,-2,-1,-1,-1,-1,1649,1000,0,1761,675,1000,0,1761,675,752,0
60000,1,2,1,56,0,0,0,0,0,28842,30371,31556,32345,33663,2000,2000,1315,2000,2000,1
130000,1,2,1,40,0,0,0,0,0,20733,14261,22242,18265,21546,7261,12272,10265,11546,12411,0
50000,2,3,1,36,0,-1,0,0,0,3781,1710,25967,17227,15714,1710,25000,754,600,800,0
50000,2,3,1,52,1,2,0,0,2,30505,29731,31062,33231,33736,0,1831,3000,1182,0,1
1.00E+05,2,1,1,33,-1,-1,-2,-2,-2,3976,0,0,0,0,0,0,0,0,0,1
150000,2,3,1,43,0,0,0,0,0,90606,93496,94196,91550,89586,4348,3229,3150,3348,3244,0
240000,1,2,1,38,2,-1,-1,0,0,6848,836,2508,1672,836,836,2508,0,0,563,1
120000,1,2,3,38,-2,-2,-2,-2,-2,7787,3495,1706,-4,-4,3505,1711,0,0,0,0
80000,2,2,1,32,-1,-1,-1,-1,-1,199,199,199,199,0,199,199,199,0,22109,1
210000,2,2,1,27,2,2,0,0,0,174134,167095,161573,122362,116243,16,6800,3800,5134,4000,1
80000,2,2,2,37,-1,2,-1,0,0,1118,1102,10512,19529,27167,0,10512,9529,8167,5000,0
50000,2,2,1,38,0,0,2,0,0,20838,23204,22538,22864,23495,3000,0,1000,1000,1000,1
50000,2,2,3,52,0,0,0,0,0,50671,50525,38240,18443,20065,1844,1292,804,5717,823,0
330000,2,1,2,34,-1,-1,-1,-1,-1,1406,1467,2599,17064,70464,1488,2599,17064,70464,0,0
230000,1,3,2,28,0,-1,-1,-1,-1,152966,65722,11666,18844,34983,65722,20000,18844,34983,408,0
30000,1,3,1,44,4,3,2,2,-2,7221,6962,6700,0,0,0,0,0,0,0,1
50000,1,1,1,41,2,0,0,0,0,39159,40194,41209,42125,43443,1669,1684,1600,2000,1753,1
220000,1,1,2,37,2,2,0,0,0,185955,181587,186054,188465,192758,0,9000,7000,7500,7100,0
270000,2,1,2,27,0,0,0,0,0,11306,11263,13021,4144,2291,1500,2000,2000,1000,37500,0
160000,1,1,1,44,0,0,0,0,0,156400,157923,158746,153208,154163,7200,8000,5510,5800,6000,0
10000,2,2,1,24,1,2,2,2,2,3892,3686,5064,4837,5208,0,1600,0,600,500,0
20000,1,2,2,25,0,0,0,0,0,15006,16166,17160,16760,16760,1406,1400,0,0,0,0
30000,1,3,2,25,2,2,2,0,0,22440,24168,23481,23950,25659,2390,0,859,2097,0,1
210000,2,2,2,32,0,0,0,2,0,85965,88586,94412,92195,92491,4000,7500,0,3000,5000,0
250000,2,2,1,50,0,0,2,0,0,116256,122392,118668,95735,96509,11500,0,3543,3700,3547,0
50000,1,2,2,28,0,0,0,0,0,23244,24364,25454,26030,26609,1500,1500,1000,1000,1500,0
180000,2,1,2,28,-2,-2,-2,-2,-2,584,1133,572,803,916,1133,572,803,916,1189,0
2.00E+05,1,1,2,35,-1,-1,-1,-1,-1,7429,24325,40258,15103,14079,24325,40265,15159,14079,20878,0
350000,1,1,1,38,-2,-2,-1,0,0,16459,4120,44164,35233,884,941,44743,0,884,9924,1
20000,1,1,2,22,0,0,0,0,0,18093,18543,18911,19000,19397,1300,1611,700,704,867,0
30000,1,3,2,36,0,0,0,-2,-2,30328,29999,0,0,0,1768,0,0,0,0,1
20000,1,1,1,34,2,0,0,2,2,6099,7559,8989,8436,12016,2000,2000,0,4000,0,0
140000,2,3,2,59,2,0,0,0,0,62042,63445,63729,63751,65421,3000,2000,2000,2000,3000,1
30000,1,3,1,44,2,2,2,0,0,18659,22544,21889,22721,23401,4500,0,1500,1200,2000,1
180000,2,1,2,30,0,0,-1,0,0,15743,9814,9161,8252,0,1205,9402,0,0,0,0
20000,2,2,2,25,0,0,0,0,0,8011,9041,10903,11622,13280,1320,2181,900,2000,0,0
1.00E+05,2,3,1,36,2,2,2,2,2,53530,55081,55581,59253,61145,3000,2000,4600,3000,2200,1
1.00E+05,2,3,1,36,0,0,2,0,0,101972,115335,112016,112906,120101,16608,0,4233,9200,21000,1
20000,1,2,1,45,-2,-2,-2,-2,-2,0,0,0,0,0,0,0,0,0,0,0
350000,1,1,1,31,0,0,0,2,0,18685,21057,23291,22812,27418,3000,3000,0,5000,5000,1
80000,2,2,1,32,0,0,0,0,0,80237,69568,64469,54020,55852,3000,2500,2000,3000,2000,0
120000,2,3,1,49,0,0,0,0,0,44244,44075,44823,44683,45537,2000,3000,2000,3000,7000,0
210000,2,2,2,30,-1,0,0,0,0,1654,33257,34395,35321,36249,32000,2000,1500,1500,1400,0
120000,1,1,1,37,-1,-1,-1,-1,-1,32050,3872,52150,2740,4626,3872,52150,2740,4626,802,0
20000,1,2,2,22,0,0,2,0,0,8134,9992,10526,11049,11865,2000,1000,1000,1000,1000,0
2.00E+05,1,3,2,25,-2,-2,-2,-2,-1,848,753,547,-2,2040,753,547,2,2042,0,0
50000,2,2,2,54,-1,4,3,2,3,1126,1113,1092,1415,1115,0,0,323,0,0,0
170000,1,2,1,37,-2,-2,-2,-2,-2,5635,6321,102108,2120,2873,6321,102108,2120,2873,0,0
450000,1,1,1,37,1,-1,-1,-2,-2,0,245,0,0,0,245,0,0,0,0,0
3.00E+05,1,1,2,34,-1,-1,-1,-1,-1,396,396,396,0,792,396,396,0,792,68095,0
3.00E+05,1,1,2,36,0,0,0,0,0,295433,301521,308038,306154,295664,13000,13116,11000,11000,12000,0
280000,1,2,1,37,-2,-1,-1,-2,-2,2035,11009,9360,7480,4402,11009,9370,7486,4402,3646,0
170000,1,1,2,39,0,0,0,0,0,171160,187853,171095,137986,141319,13000,6154,15000,6000,7000,0
60000,1,1,1,38,2,0,0,0,2,30013,31226,32396,34657,35456,2000,2000,2800,1500,0,1
50000,1,2,2,29,0,0,0,0,0,23469,23110,22792,20861,19116,1437,1236,649,831,568,0
380000,1,2,1,38,-2,-2,-2,-1,-1,0,0,990,2086,0,0,990,2086,0,4069,0
70000,2,1,1,40,2,0,0,2,2,45251,42685,45674,44639,47624,1800,3700,0,3707,1900,1
430000,1,1,1,48,-2,-2,-2,-2,-2,4469,52213,46935,0,46987,52226,46935,0,46987,882,0
180000,1,1,1,38,-1,-1,-1,-1,-1,326,326,326,326,326,326,326,326,326,326,0
330000,2,2,1,41,1,2,2,2,2,289884,283863,301265,306752,313710,0,22200,12000,12000,978,0
250000,2,1,2,26,-1,-1,-2,-2,-1,7374,0,0,0,2546,0,0,0,2546,0,0
480000,2,1,1,38,0,0,0,0,0,384150,392013,361178,305024,289379,15000,16000,12008,11000,11000,0
210000,1,2,2,37,-1,-1,-1,2,-1,1890,3037,2429,823,1089,3037,1200,0,1089,1201,0
160000,1,2,2,26,0,0,0,0,-1,25060,24306,17671,22121,40835,8026,7804,7730,67296,1340,0
390000,1,5,2,29,1,2,0,0,0,407399,397464,395333,367400,304990,0,14414,14411,76000,15000,0
280000,1,1,1,44,1,-2,-2,-2,-2,-136,-496,-856,-1216,-1576,360,360,360,317,6252,0
50000,1,2,1,33,-2,-2,-2,-2,-2,390,390,0,780,0,390,0,780,0,0,0
350000,1,1,1,60,1,-1,-1,-1,-2,0,1150,4576,0,0,1150,4576,0,0,1206,1
230000,2,1,2,40,-2,-2,-2,-2,-2,360,0,0,0,0,0,0,0,0,0,0
2.00E+05,1,3,0,36,-2,-2,-2,-2,-2,5644,82620,14129,41359,9140,89187,14178,41359,9140,0,0
30000,1,2,2,47,0,0,0,0,0,29596,29625,29523,29494,29464,1600,1500,1500,1500,2000,0
50000,1,2,1,37,-1,-1,-1,-1,-1,4719,22449,6640,5410,9570,22530,6640,5410,9570,1500,0
180000,1,1,2,26,0,0,0,-1,-1,24464,25332,11991,4394,200,1573,3007,4394,200,200,0
150000,2,3,1,45,0,0,0,0,0,141415,144592,147635,129507,132219,5457,5661,4636,4800,4850,1
70000,1,1,2,27,0,0,0,0,0,39449,39742,40618,28782,30281,2100,2000,1200,2590,0,0
150000,1,2,2,26,0,0,0,0,0,10111,9847,10870,12189,12836,1158,1181,1500,836,1200,0
50000,1,3,2,25,1,2,2,0,0,43685,44694,43673,44659,49512,2000,0,2000,6000,300,0
430000,2,2,1,42,0,0,0,0,0,89395,90052,90604,91200,92134,3243,3200,3185,3500,3500,0
70000,1,1,2,25,-1,2,2,2,2,3635,4529,4308,4859,4638,1100,0,624,0,500,1
20000,1,3,2,36,1,-1,-1,-1,-1,0,832,0,832,1486,832,0,832,1486,0,0
310000,2,1,1,33,-2,-2,-2,-2,-2,115,894,0,0,0,894,0,0,0,0,1
160000,2,2,1,23,0,0,0,0,0,96814,69870,68984,55559,44705,10008,20014,1894,6425,2204,0
30000,1,3,2,38,1,2,0,0,0,30771,29975,27541,27785,28839,0,2000,1000,1500,1052,0
480000,2,3,1,39,-2,-2,-1,-1,-1,51303,74639,67306,19895,23650,73428,20496,34,23682,29,0
180000,2,1,2,28,0,0,0,2,0,99307,104403,110366,101550,98615,6700,10605,0,4751,1754,1
210000,1,2,1,40,-1,-1,0,0,0,5130,15266,11423,9329,12329,15266,2500,1200,3000,1077,0
360000,1,1,2,30,-1,-1,-1,-1,-1,312,312,312,312,251,313,313,313,252,1,1
180000,1,3,2,31,2,2,0,0,0,36864,35587,35989,36013,36164,0,1800,1230,1200,1350,0
2.00E+05,2,1,2,29,1,2,0,0,2,16198,14320,15439,14757,14275,0,5000,1000,0,2000,0
50000,1,3,2,22,0,0,-1,0,0,48423,44450,956,976,1976,2150,956,20,1000,1000,1
240000,1,2,1,48,0,-1,-1,-2,-1,3972,783,0,0,3853,783,0,0,3853,29252,1
180000,2,1,2,29,0,0,0,0,0,35619,22745,12200,9531,10131,1745,1200,1531,3500,0,0
80000,2,3,1,33,-1,-1,0,-1,-1,325,107,1107,1338,0,107,1000,1338,0,0,0
50000,2,3,1,32,0,0,0,0,0,42740,44744,47539,17360,17928,3000,4000,1000,1000,2000,0
280000,2,2,1,36,0,0,0,0,0,101803,100836,96333,97475,100652,5005,7066,10000,5000,1823,0
70000,2,1,2,29,0,0,0,0,0,43462,41845,40476,43687,43858,3000,3000,7000,10000,15000,0
4.00E+05,1,1,2,36,-1,-1,-1,-1,-1,6233,11152,-1,376,0,11219,0,377,0,0,0
210000,2,3,1,45,-1,-1,-1,-1,-1,430,430,430,430,430,430,430,430,430,430,0
80000,1,3,2,33,0,0,0,0,0,55424,56598,57724,58892,61991,2068,2081,2113,5000,2264,0
30000,2,2,2,24,2,2,7,7,7,300,300,300,300,300,0,0,0,0,0,0
310000,1,2,2,29,2,2,2,-1,2,400,400,400,20334,19050,0,0,20334,0,21573,0
360000,2,3,2,27,1,-2,-2,-2,-2,0,0,0,0,0,0,0,0,0,0,0
2.00E+05,1,2,2,28,-1,0,0,0,-1,29804,30892,25355,21666,15404,20044,10198,15083,15450,11593,0
50000,1,2,1,33,0,0,0,0,0,50431,45619,33610,19221,18925,1823,1500,1000,1000,1000,0
320000,2,2,1,41,0,0,0,0,0,49846,53811,38717,35409,35036,5000,2000,2000,3000,3000,0
60000,1,2,2,27,0,0,0,2,2,23439,26042,29182,29906,29292,3300,3900,1500,0,1074,0
230000,2,1,2,30,2,2,2,2,2,216409,221419,224753,228022,232724,10000,8500,8500,8500,32000,0
150000,2,1,1,44,-1,-1,-1,-2,-2,1843,1367,0,0,0,1367,0,0,0,0,1
360000,2,1,1,39,-1,-1,-1,-1,-1,165,853,165,300,0,853,165,300,0,1790,0
50000,1,1,2,34,0,0,0,0,0,20613,28018,22744,18484,16378,10000,10000,1500,3000,2803,0
280000,2,1,1,37,-1,-1,-1,-1,-1,3915,6686,3719,11013,21011,6691,85,11045,21012,29460,0
50000,2,3,1,50,0,0,0,0,0,38499,39216,15554,8704,8904,1743,1021,200,200,100,0
5.00E+05,1,1,1,32,0,0,0,0,0,15491,22984,20700,19805,23802,12992,2009,5000,5000,2000,0
4.00E+05,2,3,1,41,0,0,0,0,0,18487,12366,13010,12620,17945,2620,1000,0,13945,7116,1
280000,1,2,2,28,-2,-2,-2,-2,-2,1799,1768,1848,-8,1601,1782,1857,0,1609,3,0
360000,2,2,2,41,0,0,0,0,0,158277,203726,293675,196475,2475,50000,1.00E+05,0,0,0,0
260000,2,1,2,29,1,-1,0,-1,-1,15502,16832,16832,16332,16332,18000,16666,16666,16666,0,1
330000,1,1,1,42,0,0,0,0,0,241191,114291,113296,35048,36491,10000,5449,5000,2000,2000,0
350000,2,2,1,33,-2,-2,-1,0,0,-7438,144562,147437,135043,137980,152000,6000,5000,4000,4017,0
5.00E+05,2,2,1,39,-1,-1,-1,-1,-1,36550,18752,22376,39018,4233,18795,22398,39041,4233,397,0
440000,2,1,1,35,0,0,0,0,0,128808,133340,133075,109705,111202,10000,5000,5000,7126,10000,0
260000,1,2,2,28,0,0,0,0,0,234867,237497,215343,205576,207688,10500,9150,7500,8000,7500,0
5.00E+05,1,3,1,48,0,0,0,0,2,36875,26031,32389,32830,17191,1192,32382,2011,0,72198,0
1.00E+05,1,2,1,35,0,0,0,0,0,81415,80759,79755,81209,60720,4000,3000,3004,2278,15000,0
70000,1,3,1,47,0,0,0,0,0,67670,62529,59024,26008,28210,2730,2490,1000,5746,2000,0
440000,1,1,2,43,0,0,0,0,0,58108,51013,48337,49532,53714,2400,3000,2000,5000,4000,0
220000,2,1,1,44,-1,0,0,0,0,208858,212640,216062,209288,202578,7611,7484,7109,6969,6661,0
160000,2,1,1,32,-1,-1,-1,-1,-1,3189,3203,3421,2750,2750,3248,3421,2750,2750,5224,0
2.00E+05,1,2,1,46,-1,2,-1,-1,2,7340,5980,4486,9790,4944,0,4486,10000,0,4696,0
30000,2,2,2,25,0,0,0,0,0,24458,29022,28230,22204,21954,5000,1518,529,535,750,0
110000,2,1,2,27,0,0,0,0,0,113461,112026,111792,111936,112030,4251,4218,4167,4238,4181,0
60000,2,2,1,43,0,0,0,0,0,57033,58994,59732,36914,37684,2880,2473,1322,1366,1554,0
260000,1,1,2,28,-1,-1,-1,-1,-1,76996,11515,13392,22209,54807,11515,13419,22209,54807,62534,0
110000,1,2,1,36,0,0,0,0,0,109361,102505,103834,76491,77245,3940,3256,2696,2780,2900,0
260000,1,3,1,44,0,0,0,0,0,257987,260104,253488,145630,148720,7100,135546,4500,4590,4501,0
280000,2,1,2,32,0,0,0,0,0,157480,155362,156387,159584,163009,6400,6100,5600,5805,7007,0
210000,1,1,2,30,-1,-1,-1,0,-1,462,562,1864,932,932,1032,2234,0,932,1014,0
80000,2,2,1,37,0,-1,0,0,0,5744,33115,34131,34809,35539,33115,1568,1246,1291,1324,0
2.00E+05,2,1,2,37,0,0,0,0,0,75360,57589,54711,44396,25948,2050,15000,6003,845,290,0
1.00E+05,2,2,2,33,2,2,0,0,0,74763,73010,74198,74964,76655,0,3000,2000,2000,2000,0
210000,1,2,1,42,-1,-1,-1,-1,-1,9377,9534,9850,9905,8540,9540,9856,9905,8540,8785,0
140000,2,2,2,35,1,2,0,0,0,148305,141907,141940,113028,112667,0,7000,3923,4000,4100,0
180000,1,1,2,29,0,0,0,0,2,93962,95955,98354,105327,107500,3500,4000,8600,4000,0,0
240000,2,2,2,34,0,0,0,0,0,122810,114408,97395,83314,73292,10066,7255,3035,3030,3018,0
150000,2,1,2,24,-1,-1,-1,0,0,4857,1729,49200,50000,0,1733,49200,1000,0,50000,0
80000,1,2,1,54,0,0,0,0,0,105365,108702,108486,94119,18809,5030,2698,2172,376,40619,1
210000,2,2,1,37,0,0,-2,-2,-2,22908,32513,6192,2885,8419,32513,9,8,8444,3118,1
180000,2,1,2,28,0,0,0,0,0,12595,18704,24410,29184,7325,7000,7000,7000,5000,326,0
1.00E+05,2,1,2,26,0,0,0,0,0,96353,99710,102093,97701,99322,4900,5000,4000,3800,3710,0
20000,1,1,2,28,0,0,0,0,0,17359,16828,17723,18733,12249,2700,4150,1500,577,8000,0
140000,1,2,2,34,0,0,0,0,0,128312,119084,62922,60196,58935,5000,2200,2300,2300,2100,0
2.00E+05,1,3,2,40,-2,-2,-2,-2,-2,390,1799,390,390,418,1799,390,390,418,1604,0
80000,1,2,2,25,0,0,0,0,0,77142,45209,46410,43053,44387,2000,2000,2000,2000,2000,0
20000,2,2,2,49,1,2,2,2,0,18718,18132,19530,18950,16510,0,3000,0,1000,3000,1
80000,2,2,2,24,-2,-2,-2,-2,-2,0,0,0,0,0,0,0,0,0,0,0
170000,2,1,1,41,0,0,0,0,0,165602,138507,136176,61000,59477,80000,4742,2022,2076,1776,0
70000,2,2,1,41,2,2,2,2,2,50241,51145,50022,53390,54579,2000,0,4200,2200,2200,1
90000,2,3,1,40,-1,-1,-1,-1,-1,3569,7319,7608,1720,45000,7385,7608,1720,45000,15000,0
30000,1,2,2,30,0,0,0,0,0,22221,23248,24260,24743,25261,1391,1403,886,917,922,0
50000,1,1,2,25,-1,-1,-1,-1,-1,2543,14335,566,5243,0,14439,566,5243,0,0,0
50000,2,2,2,21,-1,-1,-1,-1,-1,390,1499,780,797,1166,1499,780,797,1166,0,1
260000,2,1,2,39,0,0,0,0,0,231024,208119,213219,202106,208890,10000,10000,8000,10000,10000,0
360000,2,1,1,33,-1,-1,-1,-1,-1,50067,17607,41262,8882,17348,17607,41285,8882,17348,29216,0
5.00E+05,2,3,2,52,-2,-2,-2,-2,-2,0,0,0,0,0,0,0,0,0,0,1
160000,1,3,1,46,2,2,0,0,0,168501,160421,157661,73322,57835,0,6322,2275,2343,3069,0
460000,2,1,2,39,0,0,0,0,0,89095,93634,111899,199682,177073,6000,20000,90000,9000,10000,0
20000,2,2,2,26,2,0,0,0,0,19366,19297,20023,19625,15188,1800,1500,500,500,0,1
360000,1,2,2,25,1,-1,2,0,-1,0,1647,1488,490,1697,1647,5,2,1705,792,0
3.00E+05,2,1,1,38,-1,-1,-1,-2,-2,1008,228,0,0,0,228,0,0,888,0,0
70000,2,2,1,28,1,3,2,2,2,29836,30856,30658,31850,31207,1800,600,2000,0,1500,1
50000,2,1,2,26,0,0,0,0,0,26808,44361,32088,20100,15117,30040,2037,592,5003,5012,0
150000,2,3,1,51,0,0,0,0,0,113647,117322,119935,124913,128108,5001,4000,6006,5000,5008,0
390000,1,2,1,42,-1,-1,-1,-1,-1,1565,1733,2472,2626,989,1733,2492,2637,992,4667,0
280000,1,1,2,37,0,0,0,0,0,251486,245307,218043,196016,195307,9352,8077,7171,8014,6235,0
50000,2,3,1,28,0,0,-1,-1,-1,3377,4256,4207,694,238,1000,4207,694,238,0,0
280000,2,1,2,38,1,-2,-1,-1,-1,0,0,3898,1460,18901,0,3898,1460,18901,0,1
50000,2,2,1,41,1,-2,-2,-2,-2,0,0,0,0,0,0,0,0,0,0,0
50000,1,1,2,32,0,0,0,2,0,13185,5070,6815,6068,7798,1255,2000,0,2000,1000,0
150000,2,1,2,28,-2,-2,-2,-2,-2,0,0,0,0,0,0,0,0,0,0,0
120000,2,1,2,31,1,-1,-1,0,-1,0,1730,2457,2192,2655,1730,2459,0,2655,0,1
360000,2,2,3,37,0,0,0,-1,-1,10764,8874,3501,328,0,1052,1002,328,0,770,0
20000,1,2,2,33,-1,0,0,0,0,3010,1603,19980,19983,20066,1272,19288,681,917,1000,0
50000,2,3,1,46,0,0,0,0,-2,48797,49115,47991,0,0,2000,1018,0,0,0,0
20000,2,1,2,23,1,2,2,2,0,10407,10096,11926,11440,12596,0,2000,0,1500,1300,1
90000,1,2,1,35,0,0,0,0,0,90467,88834,89791,53096,52340,4000,5000,3100,1700,1421,1
230000,1,2,1,35,0,0,0,0,0,176853,180639,180117,179717,124117,10000,5000,0,5000,189600,0
20000,1,2,2,22,-1,2,0,0,0,17990,17413,18608,19138,20690,0,1502,822,2000,0,0
1.00E+05,2,2,2,23,-2,-2,-2,-2,-2,45756,9187,5408,12920,9656,9187,5408,12920,9656,4737,0
270000,1,2,2,26,0,0,0,0,0,214277,199757,198551,201945,203636,10000,7500,8000,7409,7869,0
160000,1,2,2,28,-1,-1,-1,-1,-1,1390,550,550,550,550,550,550,550,550,550,0
80000,2,2,2,29,0,0,0,0,0,46724,35074,32812,25930,26414,2000,2000,1100,1000,1100,0
10000,1,1,2,24,2,0,0,0,0,7554,8287,9580,9267,10096,1500,2000,700,1500,0,1
5.00E+05,2,2,1,27,-2,-2,-2,-2,-2,11354,9983,13570,10000,10000,9983,13587,10000,10000,10000,0
90000,2,1,1,43,-1,-1,2,-1,-1,16139,7199,4367,7660,21175,4367,9,7660,21175,4009,0
150000,2,3,1,59,-2,-2,-2,-2,-2,11067,12367,10557,9974,11507,12405,10557,9974,11507,1926,0
50000,1,3,1,49,0,-1,-1,-1,0,2522,1173,-88,2912,390,1173,0,3000,0,0,0
260000,1,3,1,48,0,0,0,0,-1,200716,203751,205530,-170000,171696,8812,9158,0,497000,10000,0
50000,2,2,2,22,-2,-1,0,0,0,836,10214,10057,9221,8808,10214,2000,0,423,3861,0
30000,1,1,2,28,-1,2,2,0,0,1190,2107,1098,1098,1248,1098,0,0,982,150,1
70000,1,2,2,26,2,2,2,2,0,46599,45578,48505,47427,48447,0,4000,0,2000,1700,0
360000,1,1,1,52,1,-2,-2,-2,-2,0,0,0,0,0,0,0,0,0,0,1
430000,2,1,2,39,-2,-1,-1,-1,-1,673,4549,7566,987,4870,4576,7642,990,4889,981,0
50000,2,2,2,23,-1,0,0,0,0,1291,2075,2895,2698,2500,1100,1181,300,300,300,0
150000,2,5,2,26,0,0,2,0,0,22683,24349,2130,2130,32,2219,0,0,0,0,0
70000,2,2,2,23,1,2,0,0,2,17461,16892,18013,19315,19859,0,1400,1600,1000,0,1
150000,2,1,2,25,0,0,0,0,0,42437,35082,19538,13277,3200,2265,2538,277,200,0,0
110000,1,3,1,38,0,0,0,0,0,14084,11129,9316,7681,8897,2500,2500,1000,1500,3000,0
20000,2,1,2,38,-1,0,0,3,2,3527,4556,5867,5495,5126,1241,1700,0,0,1000,1
20000,1,3,2,39,0,0,0,0,2,7824,9000,9867,11929,12091,1307,1174,2236,500,500,0
50000,1,1,2,31,-2,-2,-2,-2,-2,11479,12002,3508,339,1655,12002,3508,339,1655,679,0
10000,1,1,2,33,0,0,0,0,0,8417,6281,8567,10046,10063,1700,4700,2502,1500,3000,0
20000,1,2,2,24,0,0,2,0,0,15703,19775,19096,19612,20164,4663,0,1000,1000,5000,0
180000,1,2,2,34,1,-2,-2,-2,-2,149172,100466,98458,89384,88315,4600,4207,3500,4000,5000,1
60000,2,2,1,26,0,0,2,0,0,60597,61332,58787,58472,57777,5504,0,2304,2261,4600,1
20000,1,1,1,30,1,2,2,2,2,6885,8627,8340,10044,9739,2000,0,1855,0,1000,1
70000,2,1,2,25,0,0,0,0,0,71106,67954,68976,49145,49688,3292,3290,1706,1759,1729,0
60000,2,2,1,38,0,0,0,0,0,48399,48241,36162,36560,40855,1764,1400,5000,5000,885,0
2.00E+05,1,1,2,28,-2,-2,-2,-2,-2,3330,2665,115323,21547,4056,2686,115916,21722,4076,3196,0
2.00E+05,1,1,2,34,1,-2,-1,0,0,-1730,-1730,1111,1111,-29,0,3000,0,0,0,1
3.00E+05,2,1,1,37,-1,-1,0,-1,-1,3144,5688,2297,3115,3172,5734,2018,3138,3187,1597,0
390000,1,1,2,34,-1,-1,-1,-1,-1,13006,522,1790,7957,3044,524,1790,7957,3044,27603,0
80000,2,2,1,23,0,0,0,0,0,72364,64105,45867,29713,30270,2756,1366,1000,1023,1093,0
1.00E+05,2,1,2,25,-1,-1,-1,-1,0,12660,5000,0,6272,10135,5000,0,6272,4000,2000,0
230000,1,3,2,30,1,2,2,3,2,213894,218966,238075,233210,233833,10040,28341,0,6508,187,0
40000,2,3,1,49,1,-2,-2,-2,-2,0,0,0,0,0,0,0,0,0,150,0
180000,2,2,1,25,0,0,0,0,0,33322,29500,28418,16084,14210,1900,1864,600,600,711,0
420000,1,2,2,28,0,0,0,0,0,22872,23309,24612,25400,26333,1700,2000,1500,1500,2000,0
20000,1,2,1,59,0,0,-1,-1,-1,2946,0,1473,240,390,0,1473,240,540,1320,0
340000,2,2,1,31,-1,0,0,0,0,33639,37373,40990,42415,38367,5000,5000,3000,2000,2000,0
20000,2,1,2,25,2,2,2,2,2,9317,18576,18219,17095,19748,10000,800,0,3500,0,1
320000,1,3,2,52,0,0,0,0,0,31858,33562,35119,36886,38756,5000,5000,5000,5000,5000,0
360000,1,1,1,39,-2,-2,-2,-2,-2,0,0,0,0,0,0,0,0,0,0,0
1.00E+05,2,1,2,29,0,0,0,0,0,33330,36282,38673,43014,48300,3500,3000,5000,6000,10000,0
310000,2,1,2,36,-2,-2,-2,-2,-2,0,298887,0,0,0,298887,0,0,0,0,0
140000,2,2,2,24,0,0,0,0,0,35806,36823,36285,36683,37150,3000,1580,1294,1355,5000,0
2.00E+05,1,2,2,33,1,2,2,2,0,98990,96566,103019,100464,102844,0,9000,0,4000,4500,0
30000,2,2,2,28,-1,-1,-2,-1,-1,1743,0,0,2779,0,0,0,2779,0,0,1
130000,2,3,1,25,0,0,0,0,0,132110,133734,129299,131871,132168,6359,4505,4530,4798,4600,0
20000,2,3,1,44,0,0,2,0,0,17095,19112,17980,18780,0,3000,0,1000,1000,0,0
120000,2,5,1,57,0,0,0,0,0,116497,109247,98109,74387,75237,5000,5007,5000,5000,5000,0
190000,2,1,2,32,-2,-2,-2,-2,-2,8010,922,3200,15010,4575,922,3208,15010,4575,7279,0
50000,2,2,1,26,0,0,0,0,0,43721,42060,42332,37872,35748,2228,2500,1660,1457,1300,0
130000,2,5,2,27,0,0,0,0,0,107599,109902,112635,114472,117556,4030,4600,4200,5000,5000,0
220000,2,2,1,48,0,0,0,0,0,28132,30362,31387,32559,35019,2700,1534,1700,3000,3000,1
2.00E+05,2,2,1,29,0,0,0,0,0,70422,67991,56909,56841,51245,3500,2472,1683,1755,1658,0
50000,2,3,1,59,0,0,0,0,0,37201,27863,27712,28433,21449,1503,1352,1073,1077,900,0
30000,2,2,1,26,2,2,2,2,2,30954,30670,29856,30584,27883,2074,0,2304,0,2400,0
2.00E+05,2,2,1,33,1,-2,-2,-2,-2,0,0,0,0,0,0,0,0,0,0,0
4.00E+05,2,3,1,50,2,-1,-1,-1,-1,5523,8033,0,550,0,8037,0,550,0,0,1
120000,2,1,1,41,0,0,0,0,0,118847,113190,114113,111593,112533,5000,6000,5000,5000,5000,0
60000,2,2,1,38,0,0,0,0,0,45972,49874,47329,35587,36193,5000,5000,5000,5000,5000,0
150000,2,1,2,25,-1,-1,0,0,0,3167,13680,12848,8445,6868,13879,4000,0,0,1310,0
240000,2,2,1,44,-2,-1,-1,2,2,16925,1411,1696,1437,2714,1411,1200,0,1479,0,0
130000,1,2,2,29,-1,-1,-2,-2,-2,3594,0,0,0,0,0,0,0,0,0,0
2.00E+05,1,3,1,40,2,0,0,2,2,91368,92989,99704,101169,103401,4000,8300,4000,4000,8300,1
240000,2,2,1,56,2,2,-2,-2,-2,2500,0,0,0,0,0,0,0,0,0,1
30000,2,1,2,22,-1,-1,2,0,0,14885,16579,17498,25032,25626,1939,1500,8213,1000,2000,1
50000,2,2,1,26,0,0,0,0,0,44335,44626,40928,29367,29156,2126,2104,990,1200,1654,0
30000,1,2,2,26,2,0,0,0,2,13660,14708,17725,20320,19480,1269,3286,2881,1,632,0
310000,1,1,1,33,-2,-2,-2,-2,-2,0,0,0,0,0,0,0,0,0,0,0
120000,2,2,2,28,2,2,2,2,0,111840,114252,115306,112404,114269,5300,3600,0,3400,3500,1
290000,2,2,1,34,0,0,0,0,0,16196,17220,18231,18593,18986,1292,1303,665,692,1300,0
50000,1,2,2,45,0,0,0,0,0,45911,47521,48599,7476,7792,2350,2421,298,468,1649,0
130000,2,1,2,27,0,0,0,0,0,86883,99516,77188,78304,79941,40000,3400,3000,3052,3190,0
50000,1,5,1,30,0,0,0,0,0,47311,44136,17865,6431,6939,2900,1035,500,508,410,0
210000,2,2,1,33,-1,-1,-1,-2,-1,98,1090,0,0,580,1120,0,0,580,500,0
50000,1,3,1,47,1,3,2,0,0,4759,4540,4284,2946,1473,0,0,0,0,1473,1
10000,2,2,2,40,0,0,0,0,0,6160,6787,7377,7127,6931,1123,1103,243,296,280,0
10000,1,3,2,22,0,0,0,0,0,5757,6706,7715,7873,8742,1200,1128,286,1000,955,0
80000,2,2,2,24,2,2,3,2,3,75444,80025,78129,82581,81053,6400,0,6300,0,0,1
360000,1,2,1,65,1,-2,-2,-2,-2,0,0,0,0,0,0,0,0,0,0,1
530000,1,1,2,32,-2,-2,-1,0,0,12451,24095,15688,24511,12144,24120,15791,12808,8090,34110,0
20000,1,2,2,46,0,0,0,0,0,20376,19927,19907,19349,17484,2000,1500,607,1360,1300,0
170000,1,2,1,42,0,0,0,0,0,131629,131374,129544,131937,132958,5300,5100,5000,4700,5000,0
220000,2,2,1,33,-1,-1,-1,-1,-1,16090,4991,-1350,18150,350,4991,0,20000,350,0,0
180000,1,3,1,40,-1,-1,-1,0,-1,991,991,1316,325,1657,991,1316,0,1657,325,0
440000,2,1,1,37,-1,-1,-1,-1,-1,5302,13333,686,-414,2736,13333,1383,0,3150,13000,0
20000,1,2,1,62,2,0,0,0,0,17870,18740,19343,19402,11731,1462,1367,682,627,0,1
4.00E+05,2,2,2,39,1,-2,-2,-2,-2,0,0,0,0,0,0,0,0,0,0,1
130000,1,2,2,27,0,0,0,-2,-2,44826,40650,0,0,0,1092,0,0,0,0,0
420000,1,1,2,29,0,0,0,0,0,194505,144086,144169,122453,120509,5479,5502,4193,5006,4503,0
80000,2,2,1,34,0,0,0,0,-1,78688,80539,76681,34197,27398,4000,2333,3032,28298,2000,0
20000,2,2,1,45,0,0,0,0,0,18569,40278,18760,18662,0,2500,3000,1000,0,0,0
320000,2,2,2,29,1,2,0,0,3,93070,90725,92697,106221,104313,0,3500,15100,11,3129,1
160000,1,1,1,40,0,0,0,0,0,27563,28350,25186,36100,21707,5002,5000,14400,10000,4000,0
50000,2,2,2,23,0,0,0,0,0,48725,51175,50115,33814,34423,4987,1661,2000,3000,0,0
50000,1,2,2,35,0,0,0,0,-1,14536,10827,9594,7309,1277,2000,2000,2000,1277,3294,0
70000,2,2,1,43,0,0,0,0,0,71037,71880,71927,71370,71003,3352,3400,2900,2900,2900,0
20000,1,3,2,59,1,2,2,4,3,19074,18482,20329,19616,19303,0,2300,0,0,0,1
160000,2,2,2,24,0,0,0,0,0,157389,158475,162309,162462,160085,6800,6500,6000,6200,6200,0
130000,2,1,2,33,1,-2,-2,-2,-2,0,0,0,0,0,0,0,0,0,0,1
20000,2,1,2,23,0,0,3,2,2,16918,20627,19985,19702,18395,4000,1,651,0,655,0
170000,2,2,1,48,-2,-2,-1,-1,-1,18727,64028,107946,13608,110667,66513,108323,13608,112876,3998,0
3.00E+05,2,1,2,39,-1,-1,-1,-1,-1,729,0,236,766,227,0,236,800,227,0,0
160000,2,1,2,31,-1,-1,-1,-1,-2,1672,4411,500,0,0,4411,504,0,0,0,0
110000,2,3,1,52,1,-2,-1,-1,-2,0,0,1000,0,0,0,1000,0,0,0,0
230000,2,1,2,27,0,0,0,0,0,92167,92799,94328,96203,98474,3340,3401,3420,3797,3476,0
60000,2,2,2,21,0,0,0,0,0,40969,32724,24975,25475,26010,1859,1410,910,939,1000,0
280000,1,1,1,35,0,0,0,0,2,146368,244092,210226,177595,153181,101585,90762,50119,282,50436,0
180000,2,1,2,47,1,-2,-1,-1,-2,-6,-6,1251,0,0,0,1257,0,0,679,0
30000,2,1,1,30,2,2,2,3,2,12109,12917,13909,13394,13036,1300,1500,0,0,2200,1
50000,2,2,2,28,0,0,0,0,0,48010,40668,30361,22266,18469,5000,2000,5000,6560,10000,0
270000,2,2,1,41,-1,2,-1,0,-1,832,416,832,416,566,0,832,0,566,416,0
80000,2,2,2,24,-1,-1,-2,-2,-2,2346,0,0,0,0,0,0,0,0,0,1
120000,1,1,2,31,2,0,0,2,0,25719,29961,32451,31630,34115,5000,3000,0,3000,3000,1
120000,1,3,1,53,-1,-1,-1,-1,-1,291,291,0,582,291,291,0,582,291,0,0
30000,1,1,2,23,0,0,0,0,0,29025,28331,29792,30106,30318,1507,5538,1030,1500,1500,0
380000,1,1,2,36,0,0,0,0,0,68943,75024,61114,60586,55489,8000,5000,2500,5000,4000,0
80000,2,2,1,37,2,2,2,0,0,80508,81731,78772,76818,70319,3100,0,2000,3000,0,1
20000,2,2,2,26,0,0,0,0,0,17938,18798,19347,8007,4890,1456,1005,160,98,0,0
160000,1,3,1,34,-1,0,0,0,0,2947,4593,6057,6519,7130,2000,2000,1000,1000,0,0
230000,2,2,2,26,-1,-1,-1,4,3,8328,0,600,600,300,0,600,0,0,0,1
370000,1,2,2,39,2,0,0,0,0,334394,337272,340152,345904,322168,14005,12004,12362,12006,9555,1
30000,2,3,1,41,1,2,0,0,2,29717,28569,29168,30566,29229,0,2000,2200,0,1100,0
20000,2,2,2,24,0,0,0,0,0,20073,19940,19441,18680,19071,1319,1291,656,679,784,0
20000,1,2,2,23,1,3,2,2,0,17529,16967,17176,16605,17185,0,780,0,1000,1600,1
470000,1,2,1,52,0,0,0,0,0,84672,86821,88892,90944,93739,5000,5000,5000,5000,5000,0
220000,2,2,2,29,0,0,0,0,0,36106,33494,29518,29569,28587,3000,3000,6000,5000,1136,1
80000,1,3,2,32,0,0,0,0,0,78887,69433,48198,49182,49939,2569,2000,2000,1770,2002,0
180000,2,2,1,33,-2,-2,-2,-2,-2,0,0,0,0,653,0,0,0,653,0,0
1.00E+05,2,2,2,39,0,0,-1,0,0,24110,10497,20159,7053,0,2000,20159,500,0,1120,0
10000,2,2,2,21,0,0,0,0,0,7888,8987,9604,9800,10000,1383,1000,196,200,1000,0
280000,2,2,1,51,-2,-2,-2,-2,-2,2477,3470,0,0,0,3470,0,0,0,0,0
110000,2,1,1,31,2,2,2,0,0,107507,108067,83164,79428,80235,7960,0,3000,3000,3100,1
210000,2,1,2,27,0,0,0,0,0,135066,121769,97575,93763,95790,5600,4000,3220,3400,3252,0
2.00E+05,2,1,1,36,0,-1,-1,0,0,10317,5755,8587,7782,6987,5788,8587,5314,5000,5000,0
260000,1,1,2,27,-1,-1,-1,-1,0,868,1317,1757,31741,3842,1320,1770,31744,1,2606,0
6.00E+05,1,1,2,36,-2,-2,-2,-2,-2,-1,-1,1095,899,598,0,1096,4,601,0,0
330000,1,2,1,47,-2,-2,-1,0,0,19540,23240,166722,215506,138371,25487,166744,60057,560,17921,0
5.00E+05,2,1,2,31,0,0,0,0,0,258257,247282,197247,188044,210940,25239,18011,13014,45049,20102,0
2.00E+05,1,1,3,29,-1,-1,-1,-1,-1,7505,5894,3002,1715,2604,5919,3017,1720,2611,0,0
2.00E+05,1,2,1,36,2,-1,-1,-1,-2,7300,3238,2655,2200,0,3238,2655,0,0,0,1
210000,2,2,2,27,-1,-1,-1,0,0,5353,280,4609,4703,6324,280,4609,94,1621,0,0
5.00E+05,2,1,1,46,-2,-2,-2,-2,-2,3982,3700,12953,9019,4236,3718,13023,9070,4257,0,0
10000,2,2,1,44,0,0,0,-2,-2,4125,5275,0,0,0,1275,0,0,0,0,0
160000,2,1,2,24,0,0,-2,-2,-2,37000,0,0,0,0,0,0,0,0,0,0
50000,2,3,1,42,0,0,0,0,0,50906,48888,47037,12187,9962,2009,1180,1000,1000,348,0
130000,1,2,2,33,1,2,2,0,0,130565,131878,115173,108310,112083,5012,0,4000,5000,4000,0
140000,2,1,2,28,0,0,0,0,0,138036,140922,144072,142381,142807,6600,7000,5300,6000,5500,1
80000,2,2,2,45,0,0,-2,-2,-2,83150,-8000,0,0,0,0,8000,0,0,0,0
5.00E+05,2,1,2,31,-2,-2,-2,-1,0,17496,1001,15782,29251,20095,2000,5000,37223,0,80583,1
5.00E+05,2,2,1,39,0,0,0,0,0,146700,126765,107965,89339,67854,4585,3789,3942,2433,10000,0
320000,2,2,1,35,0,0,0,2,0,4050,4914,6630,6393,9721,1073,1789,0,3425,1000,0
50000,1,2,2,29,1,2,0,0,0,49612,48546,49157,49890,48941,0,1900,1333,0,999,0
120000,2,2,2,40,0,0,0,-2,-2,4180,5100,0,0,0,1000,0,0,0,0,0
5.00E+05,1,1,1,59,-2,-2,-2,-2,-2,0,0,994,3342,1240,0,994,3342,1240,700,1
290000,2,2,1,42,-2,-1,-1,-1,0,-132,18364,2417,4583,1402,18496,2429,4598,7,3227,0
280000,1,1,1,50,-1,-1,-1,0,0,19378,347,4197,3755,0,348,4399,18,0,0,0
30000,2,3,1,41,0,0,0,0,0,39230,37737,36619,34752,33229,1618,2000,1500,1500,2000,1
80000,1,1,2,31,1,2,2,2,2,21004,20384,22231,21576,23229,0,2500,0,2000,0,1
50000,1,2,2,24,0,0,0,2,0,48136,72898,36103,29384,29356,3700,5396,6,1003,1449,0
10000,1,3,2,24,1,2,2,2,2,7826,8745,8440,9229,8969,1200,0,900,0,2000,0
550000,1,1,1,49,-1,-1,-1,-1,-1,42141,1515,1488,18334,-114,1522,1495,18426,0,0,1
60000,1,2,2,41,0,-1,-1,-1,-1,14895,6750,5784,5246,3760,6750,5784,5246,3760,11411,0
140000,2,2,1,28,0,0,0,-1,-1,5925,7729,0,150,1550,2000,0,150,1550,106155,0
50000,2,2,2,28,0,0,0,0,0,46096,25370,26331,24749,25269,1442,1403,1000,919,2000,0
3.00E+05,2,2,1,27,0,0,0,0,0,286321,283547,578971,293063,296677,20000,12003,10524,11238,8814,1
30000,2,3,1,29,2,2,2,2,2,26836,28894,30571,31011,30389,2500,2670,2000,0,1000,1
50000,2,2,2,25,1,-2,-2,-2,-2,0,0,0,0,0,0,0,0,0,0,1
250000,2,2,1,33,2,2,-2,-2,-2,2500,0,0,0,0,0,0,0,0,0,1
60000,1,1,2,39,0,0,0,0,0,54978,56144,57251,58543,58345,2050,2053,2219,2200,2394,0
80000,1,3,2,44,2,0,0,0,2,57076,58358,58992,62696,64148,2800,2200,4700,2600,0,0
480000,1,1,2,33,1,-2,-2,-2,-2,-897,-897,-897,-897,-897,0,0,0,0,0,0
30000,1,2,1,44,1,3,2,2,2,23171,22523,21863,23296,22783,0,0,1800,0,1910,1
10000,2,2,2,25,0,0,0,0,0,9150,9206,10051,9850,8214,1185,1030,1000,1000,2000,0
410000,2,1,2,41,-2,-2,-2,-1,-1,0,0,0,150,150,0,0,150,150,1929,0
1.00E+05,1,1,1,33,0,0,2,2,2,38219,42604,44607,45576,46495,5000,3000,2000,1800,1600,0
2.00E+05,1,3,1,41,0,0,0,0,0,84573,76348,50776,51018,25982,2544,1433,3224,775,5000,0
380000,2,2,1,48,0,0,0,0,0,363191,373421,363343,290371,289600,15504,14000,12500,12000,11000,0
1.00E+05,1,2,2,27,0,0,0,0,2,41298,42448,44368,48652,47885,2000,2500,4900,0,1763,0
50000,2,3,1,27,0,0,0,2,0,37651,38498,40644,39731,35657,1754,2900,0,1265,832,1
130000,2,2,1,28,0,0,0,0,0,107216,91888,83975,76842,78093,4000,4000,8000,6000,0,1
120000,1,2,2,34,0,0,0,0,0,131773,58259,54699,54832,53693,3000,1944,5000,3692,0,0
150000,2,2,1,42,0,0,0,0,0,139172,141401,137320,138016,144084,6022,5022,5100,10500,0,0
310000,2,1,1,39,-1,-1,-1,-1,-1,1989,4566,5329,5724,1518,4566,5433,5724,1336,0,0
110000,2,2,2,51,-2,-2,-2,-1,-1,150000,0,0,3007,857,0,0,3007,857,1.00E+05,0
420000,1,2,1,37,0,0,0,0,0,415257,411624,388363,390003,398229,16850,15522,14000,14500,18007,1
140000,1,2,1,28,-1,-1,-1,2,-1,6007,7332,7983,3277,2964,7340,7983,0,2964,4800,1
5.00E+05,2,1,1,37,1,-2,-2,-2,-2,0,0,0,0,0,0,0,0,0,0,1
260000,2,2,2,26,0,0,2,2,0,258364,279322,282092,255409,257913,45446,9000,0,9394,9628,0
90000,2,2,1,48,-1,-1,-1,-1,-1,316,316,316,316,316,316,316,316,316,316,1
90000,2,2,2,41,-1,0,0,0,0,48276,47820,46602,47141,16114,2281,1219,1164,556,595,0
20000,1,3,2,35,-1,3,2,0,0,8918,8634,8280,11500,9000,0,0,4000,7000,0,0
30000,1,2,2,36,0,0,0,0,0,36124,35538,34359,32450,30633,2500,2215,1156,1200,3000,1
140000,2,2,1,36,0,0,0,0,0,45849,46909,47928,48731,49793,2100,2100,1900,2000,2000,0
340000,2,2,2,32,0,0,0,0,0,80174,82761,83636,85282,87070,3871,3136,3014,3123,3168,0
120000,2,1,2,31,-2,-2,-2,-2,-2,-66,-33,-33,-33,-33,0,0,0,0,0,0
420000,1,1,1,34,-1,0,0,0,-2,18037,9944,3254,-16,-16,3048,3016,0,0,0,0
1.00E+05,1,3,1,48,-2,-2,-2,-2,-2,6345,0,0,0,0,0,0,0,0,0,0
350000,2,2,2,37,0,0,0,0,0,128146,117713,51961,46207,35052,4052,1700,1500,2000,500,0
50000,1,2,1,26,0,0,0,0,0,48992,49689,31368,9454,6020,1769,1003,189,120,100,0
30000,2,1,2,28,2,2,4,4,4,37,37,37,37,37,0,0,0,0,0,0
360000,2,1,2,29,-1,-1,-1,0,-1,1766,4500,14697,10687,1968,4534,14697,0,2141,1272,0
20000,2,3,2,23,-1,-1,-1,0,0,17432,1165,19325,19311,18430,1165,19325,386,369,400,0
4.00E+05,2,2,2,38,0,0,0,0,-1,2988,3983,3417,3267,186,1222,1000,1200,186,1200,0
170000,1,3,1,45,0,0,0,0,0,40441,40937,34090,34894,36829,5000,2000,2000,3000,2000,0
110000,2,2,1,36,1,2,0,0,2,10448,10144,14516,19396,9298,0,5000,5000,0,5000,1
2.00E+05,2,2,1,37,-1,-1,-1,-1,-1,390,31638,770,2108,0,31638,770,2118,0,0,1
2.00E+05,2,1,1,32,-2,-2,-2,-2,-2,6540,17288,3009,20311,15643,17301,3009,26257,15643,5696,0
360000,1,1,2,29,-1,-1,-1,-1,-1,5143,2092,1864,969,2500,6159,1870,969,2500,0,0
5.00E+05,1,1,1,37,-1,-1,-1,-1,-1,1961,1188,-150,150,6805,1188,0,300,6805,0,0
20000,1,2,2,22,0,0,0,0,-1,18462,16699,19674,19258,9546,1510,3875,759,10000,19126,0
270000,1,3,1,32,3,2,0,0,0,150616,146262,149449,150893,153878,0,7100,5500,6000,6000,0
20000,1,2,2,44,1,2,0,0,0,6535,6285,7672,8390,9101,0,1500,1000,1000,1000,1
350000,2,1,1,43,-2,-2,-2,-2,-2,0,0,0,0,0,0,0,0,0,1146,0
150000,2,2,1,26,0,0,-1,-1,-2,115786,123423,5250,0,0,10000,5250,0,0,0,0
260000,2,1,2,30,0,0,0,0,-1,83138,93416,84117,28683,3154,14038,5018,10000,3154,13603,0
90000,1,1,2,33,-1,-1,2,-1,-1,1650,721,421,2754,309,721,0,2833,1000,0,0
310000,2,2,1,32,0,0,0,0,0,162530,155831,96835,89223,80462,6100,4252,5000,2780,4881,0
210000,2,1,2,43,1,-1,0,0,0,-3309,177952,167125,139784,142662,184212,5482,3493,3590,3815,0
40000,2,2,1,45,1,2,0,0,0,11402,10928,11940,12241,12544,0,1200,500,500,500,1
80000,2,2,1,25,1,-2,-2,-2,-1,0,0,0,0,13369,0,0,0,13369,0,0
50000,1,3,2,22,0,0,0,0,-1,6673,5054,2340,1990,1377,1056,1000,40,1377,1080,1
370000,2,1,1,46,-1,-1,-1,0,0,26555,1572,166229,168601,171018,1572,166235,3372,4018,600,0
130000,1,2,2,28,0,0,0,0,0,113613,112867,92617,94896,92347,5847,3413,3872,3465,3627,0
710000,2,2,1,40,-2,-2,-2,-1,2,5200,0,0,1004,854,0,0,1004,0,8000,1
